-- phpMyAdmin SQL Dump
-- version 4.8.5
-- https://www.phpmyadmin.net/
--
-- Host: 127.0.0.1
-- Generation Time: May 19, 2019 at 03:19 PM
-- Server version: 10.1.38-MariaDB
-- PHP Version: 7.3.3

SET SQL_MODE = "NO_AUTO_VALUE_ON_ZERO";
SET AUTOCOMMIT = 0;
START TRANSACTION;
SET time_zone = "+00:00";


/*!40101 SET @OLD_CHARACTER_SET_CLIENT=@@CHARACTER_SET_CLIENT */;
/*!40101 SET @OLD_CHARACTER_SET_RESULTS=@@CHARACTER_SET_RESULTS */;
/*!40101 SET @OLD_COLLATION_CONNECTION=@@COLLATION_CONNECTION */;
/*!40101 SET NAMES utf8mb4 */;

--
-- Database: `e-api`
--

-- --------------------------------------------------------

--
-- Table structure for table `migrations`
--

CREATE TABLE `migrations` (
  `id` int(10) UNSIGNED NOT NULL,
  `migration` varchar(191) COLLATE utf8mb4_unicode_ci NOT NULL,
  `batch` int(11) NOT NULL
) ENGINE=InnoDB DEFAULT CHARSET=utf8mb4 COLLATE=utf8mb4_unicode_ci;

--
-- Dumping data for table `migrations`
--

INSERT INTO `migrations` (`id`, `migration`, `batch`) VALUES
(1, '2014_10_12_000000_create_users_table', 1),
(2, '2014_10_12_100000_create_password_resets_table', 1),
(3, '2019_05_19_111416_create_products_table', 1),
(4, '2019_05_19_111813_create_reviews_table', 1);

-- --------------------------------------------------------

--
-- Table structure for table `password_resets`
--

CREATE TABLE `password_resets` (
  `email` varchar(191) COLLATE utf8mb4_unicode_ci NOT NULL,
  `token` varchar(191) COLLATE utf8mb4_unicode_ci NOT NULL,
  `created_at` timestamp NULL DEFAULT NULL
) ENGINE=InnoDB DEFAULT CHARSET=utf8mb4 COLLATE=utf8mb4_unicode_ci;

-- --------------------------------------------------------

--
-- Table structure for table `products`
--

CREATE TABLE `products` (
  `id` bigint(20) UNSIGNED NOT NULL,
  `name` varchar(191) COLLATE utf8mb4_unicode_ci NOT NULL,
  `detail` text COLLATE utf8mb4_unicode_ci NOT NULL,
  `price` int(11) NOT NULL,
  `stock` int(11) NOT NULL,
  `discount` int(11) NOT NULL,
  `created_at` timestamp NULL DEFAULT NULL,
  `updated_at` timestamp NULL DEFAULT NULL
) ENGINE=InnoDB DEFAULT CHARSET=utf8mb4 COLLATE=utf8mb4_unicode_ci;

--
-- Dumping data for table `products`
--

INSERT INTO `products` (`id`, `name`, `detail`, `price`, `stock`, `discount`, `created_at`, `updated_at`) VALUES
(1, 'qui', 'Illum reprehenderit doloremque nulla. Nihil libero iusto et officiis ducimus doloribus. Consequatur voluptate commodi minus saepe. Fugiat ipsa qui id rerum esse rem.', 622, 7, 7, '2019-05-19 10:16:06', '2019-05-19 10:16:06'),
(2, 'et', 'Magnam eveniet quae in aut nesciunt laborum. Mollitia quibusdam eligendi maxime voluptatem culpa. Et dolores fugiat libero. Voluptatem optio et et sit accusantium.', 256, 9, 29, '2019-05-19 10:16:06', '2019-05-19 10:16:06'),
(3, 'eum', 'Quas consequatur rerum optio ea maiores amet. Sed ullam quis nesciunt mollitia cumque.', 316, 9, 23, '2019-05-19 10:16:06', '2019-05-19 10:16:06'),
(4, 'voluptates', 'Nisi et similique et placeat labore sed. Occaecati a voluptatibus veritatis totam dolore. Eaque atque commodi ullam ducimus similique occaecati officia.', 683, 0, 7, '2019-05-19 10:16:06', '2019-05-19 10:16:06'),
(5, 'nemo', 'Sequi ut consequuntur aut repellat minus. Quidem voluptate doloremque nihil qui consequatur. Et ut neque voluptas dolorem consequatur.', 526, 0, 7, '2019-05-19 10:16:07', '2019-05-19 10:16:07'),
(6, 'est', 'Et et voluptatem illo voluptatem optio. Ad qui sunt ut voluptates in voluptatem at. Id libero sunt ut laborum qui.', 632, 5, 15, '2019-05-19 10:16:07', '2019-05-19 10:16:07'),
(7, 'necessitatibus', 'Velit totam possimus perspiciatis animi molestiae. Voluptate molestias consequatur rerum ipsa dolor voluptatibus. Esse recusandae aut culpa unde est repudiandae ipsam.', 665, 0, 29, '2019-05-19 10:16:07', '2019-05-19 10:16:07'),
(8, 'dolorem', 'Facilis nisi consequatur quis facilis fugit totam iure. Nihil perspiciatis nisi libero quam nisi laboriosam. Dolorum autem et explicabo nemo.', 511, 2, 17, '2019-05-19 10:16:07', '2019-05-19 10:16:07'),
(9, 'omnis', 'Molestias ut cupiditate et ut. Inventore perferendis eos non minima officia quia.', 461, 8, 25, '2019-05-19 10:16:07', '2019-05-19 10:16:07'),
(10, 'blanditiis', 'Est deserunt qui accusantium. Quia repellat est accusantium. Reprehenderit nam reiciendis hic qui placeat.', 997, 0, 23, '2019-05-19 10:16:07', '2019-05-19 10:16:07'),
(11, 'saepe', 'Natus ut quam ullam nemo ab rerum. Doloremque nam alias reiciendis nihil velit aperiam molestiae.', 644, 4, 15, '2019-05-19 10:16:07', '2019-05-19 10:16:07'),
(12, 'quia', 'Dolore ad voluptatem quis sit aut. Voluptatibus fugiat corporis explicabo amet. Et ea nam necessitatibus minima ab quia.', 208, 4, 28, '2019-05-19 10:16:07', '2019-05-19 10:16:07'),
(13, 'molestiae', 'Et accusantium et est. Sit vitae reiciendis adipisci vel. Reiciendis non animi eaque explicabo et et.', 736, 2, 4, '2019-05-19 10:16:07', '2019-05-19 10:16:07'),
(14, 'consectetur', 'Sed officiis aliquid laborum amet molestias. Est nisi dolorem aperiam veritatis. Consectetur pariatur enim sint dolore quia ut ut.', 663, 3, 12, '2019-05-19 10:16:07', '2019-05-19 10:16:07'),
(15, 'velit', 'Unde voluptatum ipsam omnis quisquam non. Consectetur est consectetur id aspernatur. Veritatis aut maxime totam rerum. Eius enim quo deleniti cum rerum voluptatum et voluptates.', 324, 8, 26, '2019-05-19 10:16:07', '2019-05-19 10:16:07'),
(16, 'deserunt', 'Ut autem laudantium commodi consequatur ad laborum dolores. Sed in dolores aliquam atque. Rerum reiciendis et explicabo eius.', 411, 3, 14, '2019-05-19 10:16:07', '2019-05-19 10:16:07'),
(17, 'qui', 'Non ullam ab quod consequuntur veritatis. Perferendis et corporis qui est similique. Sunt dolorem quam nisi. Minus ea quasi labore.', 830, 5, 23, '2019-05-19 10:16:07', '2019-05-19 10:16:07'),
(18, 'nulla', 'Eius rem officiis quod magnam debitis in illo. Est voluptatem incidunt fuga aspernatur sunt. Aliquid porro neque quis fugiat qui enim.', 784, 9, 19, '2019-05-19 10:16:07', '2019-05-19 10:16:07'),
(19, 'maxime', 'Est repellat dicta aliquid delectus ducimus qui atque consequatur. Debitis rerum non ipsum commodi quis sequi impedit. Est nam culpa totam molestias ut dolore maxime.', 863, 7, 26, '2019-05-19 10:16:07', '2019-05-19 10:16:07'),
(20, 'vero', 'Suscipit itaque sed earum quo dicta. Tempore voluptates cumque ut sit alias dolore.', 776, 8, 23, '2019-05-19 10:16:07', '2019-05-19 10:16:07'),
(21, 'esse', 'Odio ea ut architecto qui debitis magni modi. Iste voluptatum ut sequi facere. Dolorum eaque possimus repudiandae odit delectus consequatur itaque.', 467, 4, 8, '2019-05-19 10:16:07', '2019-05-19 10:16:07'),
(22, 'non', 'Neque omnis ratione molestiae architecto. Quasi ex odio enim sint ratione nam modi. Est voluptatem qui alias corporis quis. Et minus esse qui possimus deserunt quod quam.', 265, 6, 13, '2019-05-19 10:16:07', '2019-05-19 10:16:07'),
(23, 'vero', 'Distinctio aut voluptas rerum id rerum aut. Quas nulla eum consequatur adipisci consequatur nemo magni incidunt. Ratione reiciendis quae aut sed rerum.', 705, 6, 26, '2019-05-19 10:16:07', '2019-05-19 10:16:07'),
(24, 'ex', 'Optio voluptas atque atque hic. Animi consequatur minima nesciunt reprehenderit maiores perspiciatis. Sunt quasi quia omnis rem labore mollitia.', 528, 9, 26, '2019-05-19 10:16:07', '2019-05-19 10:16:07'),
(25, 'minus', 'Animi necessitatibus qui deleniti tempore. Est esse eius occaecati rerum aperiam atque unde. Labore ut animi eligendi et ea. Impedit delectus sed quis qui repellat qui praesentium vel.', 866, 8, 20, '2019-05-19 10:16:07', '2019-05-19 10:16:07'),
(26, 'aut', 'Qui quos eos dolores qui. Numquam enim quis doloremque. Impedit sed voluptas eius deserunt sequi.', 154, 9, 20, '2019-05-19 10:16:07', '2019-05-19 10:16:07'),
(27, 'harum', 'Odit libero iure illo enim enim sed. Quisquam vel ut quidem ipsam molestiae hic. Ut quis quam reiciendis fugit enim eligendi. Animi nemo nemo aut corporis hic. Ratione quis mollitia nam cumque aut temporibus.', 122, 1, 27, '2019-05-19 10:16:07', '2019-05-19 10:16:07'),
(28, 'quia', 'Ut eaque perspiciatis ullam sit. Quo et ipsum consequatur iusto. Reiciendis tempora iure et cumque ut.', 180, 5, 3, '2019-05-19 10:16:07', '2019-05-19 10:16:07'),
(29, 'hic', 'Nisi animi nobis tempora. Corrupti laborum pariatur rerum aut voluptatem. Et et ullam distinctio repellendus minima reprehenderit perferendis. Aspernatur perspiciatis autem adipisci molestiae rem et laborum.', 630, 3, 30, '2019-05-19 10:16:07', '2019-05-19 10:16:07'),
(30, 'fuga', 'Vitae ea consequatur illum iure veniam sed laboriosam atque. Eveniet ratione voluptatem reprehenderit suscipit ad facere. Iusto amet ut culpa nobis aut beatae aut aperiam. Nesciunt ea quis ab eum dolores.', 273, 0, 25, '2019-05-19 10:16:07', '2019-05-19 10:16:07'),
(31, 'inventore', 'Beatae vitae sequi atque vel excepturi atque quo iste. Quas dignissimos perferendis asperiores est quasi aspernatur consectetur a. Suscipit necessitatibus nemo saepe voluptatum qui. Quae in cupiditate dolorem occaecati. Dolorem libero dolores aut.', 995, 9, 11, '2019-05-19 10:16:07', '2019-05-19 10:16:07'),
(32, 'est', 'Aut voluptas ut iste debitis eius nobis doloribus. Itaque commodi eligendi et voluptatibus nihil ab a. Atque ullam ut reiciendis rerum officia dolor optio. Quod id perferendis qui quas eum et sequi.', 144, 3, 14, '2019-05-19 10:16:07', '2019-05-19 10:16:07'),
(33, 'minus', 'Laboriosam quis enim eos nisi ratione reprehenderit. Optio molestias commodi minima similique. Dolorum odit nihil quam laborum aut. Cum corporis laudantium rerum exercitationem iste repellat.', 282, 2, 21, '2019-05-19 10:16:07', '2019-05-19 10:16:07'),
(34, 'ab', 'Dolor veritatis asperiores qui ut. Sed quis commodi ut doloribus voluptatem quia inventore. Magnam tempora tempore facilis omnis. Corrupti ut nisi nulla qui amet.', 435, 8, 20, '2019-05-19 10:16:07', '2019-05-19 10:16:07'),
(35, 'veritatis', 'Est ex enim debitis iste. Facere omnis nihil explicabo aliquid iure illo. Eveniet consectetur ad ipsum rerum. Eos repellendus aperiam possimus hic.', 273, 9, 4, '2019-05-19 10:16:07', '2019-05-19 10:16:07'),
(36, 'aut', 'Quam voluptates tempore ut. Dicta voluptatibus autem dolores rerum optio et quasi atque.', 286, 7, 29, '2019-05-19 10:16:07', '2019-05-19 10:16:07'),
(37, 'veniam', 'Eveniet aspernatur ratione rerum consequatur accusamus ex. Ut asperiores atque reiciendis deleniti ut repellendus enim nisi. Praesentium quibusdam soluta necessitatibus quibusdam libero. Quos id officiis autem corporis voluptatem nihil.', 267, 1, 21, '2019-05-19 10:16:07', '2019-05-19 10:16:07'),
(38, 'debitis', 'Corrupti sapiente quia quia quo aut blanditiis inventore. Dolores excepturi distinctio aut. Nihil illo aliquam velit.', 736, 2, 19, '2019-05-19 10:16:07', '2019-05-19 10:16:07'),
(39, 'suscipit', 'Et odit repudiandae expedita et voluptatibus occaecati aperiam. Voluptatem iste non deleniti quis quaerat nobis. Animi cum cum corrupti ea saepe dolorum.', 774, 0, 20, '2019-05-19 10:16:07', '2019-05-19 10:16:07'),
(40, 'distinctio', 'Velit autem non quod minus sed nisi iure consequatur. Quas omnis illum nulla dolores eos. Facere rerum qui quia nisi reprehenderit autem a numquam. Rerum dolore et repellendus voluptas vel excepturi modi.', 775, 6, 20, '2019-05-19 10:16:07', '2019-05-19 10:16:07'),
(41, 'voluptatibus', 'Voluptates in ut quod fugit repellat. Est modi adipisci nihil voluptas ea necessitatibus error. Aut est consequatur voluptatem voluptate ullam et culpa.', 938, 2, 20, '2019-05-19 10:16:07', '2019-05-19 10:16:07'),
(42, 'soluta', 'Iure minus illum sint est voluptatum est corrupti non. Corrupti voluptatum voluptatem fuga ex labore dolore. Et unde aut voluptatem et et temporibus. Numquam quis minus repellendus eum voluptates. Laboriosam consequuntur atque rerum distinctio est saepe et.', 338, 1, 4, '2019-05-19 10:16:07', '2019-05-19 10:16:07'),
(43, 'dolor', 'Quam ex eum assumenda consequatur ut adipisci. Voluptas voluptas earum tempore qui qui. Ratione ut ut consequuntur nesciunt suscipit sed laboriosam doloribus. Ipsam illo dolorem sit accusantium aut.', 426, 0, 29, '2019-05-19 10:16:07', '2019-05-19 10:16:07'),
(44, 'qui', 'Fuga necessitatibus iusto dicta labore laboriosam corrupti. Exercitationem et ipsam tenetur incidunt id. Molestiae quaerat omnis fuga beatae et. Temporibus odit eaque voluptas quod quo.', 557, 1, 30, '2019-05-19 10:16:07', '2019-05-19 10:16:07'),
(45, 'id', 'Et cupiditate quo quia rerum accusamus omnis tenetur consequatur. Voluptatem vitae non voluptatem vel ut quae esse. Soluta tenetur voluptatibus autem omnis ipsa dolorem. Possimus vel unde ut reiciendis dolores.', 526, 3, 16, '2019-05-19 10:16:07', '2019-05-19 10:16:07'),
(46, 'atque', 'Eligendi explicabo non eum sint voluptatem accusantium consequatur. Numquam repellendus vel possimus omnis ab odit. Vel harum architecto laboriosam explicabo et tempore sint quis. Accusamus nulla beatae mollitia tenetur facilis praesentium.', 738, 3, 24, '2019-05-19 10:16:07', '2019-05-19 10:16:07'),
(47, 'molestias', 'Vel ipsam architecto quisquam molestias natus voluptas numquam. Alias vitae aut est exercitationem.', 751, 6, 7, '2019-05-19 10:16:07', '2019-05-19 10:16:07'),
(48, 'nemo', 'Quam reprehenderit tenetur aut assumenda consequatur minima et. Molestiae eligendi voluptas dolorem tenetur. Nisi unde necessitatibus amet cumque optio. Minus iure iure accusamus laboriosam.', 365, 1, 12, '2019-05-19 10:16:07', '2019-05-19 10:16:07'),
(49, 'nemo', 'Magnam esse ipsum nemo. Optio facere laborum ipsam optio qui.', 192, 5, 3, '2019-05-19 10:16:07', '2019-05-19 10:16:07'),
(50, 'ducimus', 'Sint tempore cumque similique dolor non. Sapiente eaque ex quisquam error impedit omnis est mollitia. Sint beatae odit iure corrupti consequatur. Sint ex et rerum accusamus consequatur.', 379, 1, 8, '2019-05-19 10:16:07', '2019-05-19 10:16:07');

-- --------------------------------------------------------

--
-- Table structure for table `reviews`
--

CREATE TABLE `reviews` (
  `id` bigint(20) UNSIGNED NOT NULL,
  `product_id` bigint(20) UNSIGNED NOT NULL,
  `customer` varchar(191) COLLATE utf8mb4_unicode_ci NOT NULL,
  `review` text COLLATE utf8mb4_unicode_ci NOT NULL,
  `star` int(11) NOT NULL,
  `created_at` timestamp NULL DEFAULT NULL,
  `updated_at` timestamp NULL DEFAULT NULL
) ENGINE=InnoDB DEFAULT CHARSET=utf8mb4 COLLATE=utf8mb4_unicode_ci;

--
-- Dumping data for table `reviews`
--

INSERT INTO `reviews` (`id`, `product_id`, `customer`, `review`, `star`, `created_at`, `updated_at`) VALUES
(1, 41, 'Skye Mitchell', 'Modi distinctio tempore impedit. Fugiat maxime aut accusamus. Atque quo eveniet ipsam eveniet iure. Quaerat recusandae nam dolorum aperiam.', 3, '2019-05-19 10:16:08', '2019-05-19 10:16:08'),
(2, 13, 'Carroll Stiedemann', 'Consequatur ut nemo exercitationem nostrum dolorem non. Similique atque dignissimos ea. Sit est quia voluptate maiores voluptatem et incidunt perspiciatis. Nemo velit consequatur aliquam perferendis eligendi. Unde aperiam quidem occaecati.', 0, '2019-05-19 10:16:08', '2019-05-19 10:16:08'),
(3, 39, 'Israel Stokes', 'Et ea consequatur eaque error earum quo eos minus. Sed magni quos et et in repudiandae ex. Est aperiam corporis vel nam consequatur repellat.', 3, '2019-05-19 10:16:08', '2019-05-19 10:16:08'),
(4, 14, 'Lauretta Mraz', 'Voluptatibus enim voluptates et corporis est rerum. In dolores quas ipsum veritatis aliquid veritatis magnam. Nulla molestias et aut qui dolores.', 3, '2019-05-19 10:16:08', '2019-05-19 10:16:08'),
(5, 38, 'Marc Lesch', 'A nobis voluptate rerum dolores laudantium unde qui. Necessitatibus deleniti sunt est et voluptatibus possimus beatae. Totam officia delectus consectetur quis. Consequatur magnam qui perspiciatis dolor modi beatae aut id.', 5, '2019-05-19 10:16:08', '2019-05-19 10:16:08'),
(6, 23, 'Carson Casper', 'Doloribus quaerat rerum et modi vel dolore. Perspiciatis temporibus voluptates ut id. Iure eum dolor beatae ullam. Natus quia quas alias.', 1, '2019-05-19 10:16:08', '2019-05-19 10:16:08'),
(7, 48, 'Braxton Casper', 'Quia aliquid et eum. Dolor consequatur eligendi facere iusto. Molestiae nihil voluptatum earum. Ut voluptatem et delectus eveniet omnis et. Rerum repellat ad voluptatem officiis aut illo.', 2, '2019-05-19 10:16:08', '2019-05-19 10:16:08'),
(8, 50, 'Olaf Wuckert I', 'Et et fuga est ipsam rerum. Est perferendis incidunt non eaque.', 1, '2019-05-19 10:16:08', '2019-05-19 10:16:08'),
(9, 29, 'Miss Aisha Langworth', 'Et tempora voluptatum facere veniam hic consequuntur. Adipisci ut ut itaque sed numquam adipisci. Non quo quasi ut et pariatur fugiat optio.', 4, '2019-05-19 10:16:08', '2019-05-19 10:16:08'),
(10, 25, 'Sunny Nolan', 'Iure saepe aut ipsam quibusdam culpa eum rem. Ab sapiente sequi nobis labore minus nemo. Praesentium sint totam ipsum id et adipisci beatae ipsam. Voluptatem rerum inventore recusandae corporis nihil soluta aut.', 1, '2019-05-19 10:16:08', '2019-05-19 10:16:08'),
(11, 49, 'Shanelle Bogan', 'Ut unde quia iste. Placeat ut ratione quo dolorem et minima ex. Modi quam beatae distinctio veritatis dicta.', 2, '2019-05-19 10:16:08', '2019-05-19 10:16:08'),
(12, 39, 'Taurean Wiza Sr.', 'Quia quia neque sed alias nulla. Soluta placeat harum et eius. Voluptatibus dolor maxime consequatur qui pariatur consequatur fugiat. Nihil repellendus ea rem eveniet eveniet eligendi atque. Ea itaque ipsam voluptatem nihil recusandae quae rem facere.', 2, '2019-05-19 10:16:08', '2019-05-19 10:16:08'),
(13, 47, 'Sylvia Lakin', 'Quia et debitis animi tenetur autem eos. Blanditiis optio nihil mollitia ut dolorum nobis in eum. Iure minus blanditiis sit ut qui vitae hic.', 5, '2019-05-19 10:16:08', '2019-05-19 10:16:08'),
(14, 8, 'Carolyne Muller DVM', 'Harum rem vel rem dolor rerum. Sed optio animi exercitationem quia et. Atque blanditiis ut rerum corporis et error pariatur deleniti.', 2, '2019-05-19 10:16:08', '2019-05-19 10:16:08'),
(15, 26, 'Rory Wiegand MD', 'Et doloribus minima labore necessitatibus architecto aut. Necessitatibus dolorum incidunt vel esse ex sint nobis. Aut rerum maiores nostrum voluptatem nihil officiis minus. Dolor omnis ab labore velit ex.', 2, '2019-05-19 10:16:08', '2019-05-19 10:16:08'),
(16, 49, 'Jarrett Waelchi Jr.', 'Exercitationem quasi facere illum cupiditate vel. Et expedita ipsa nemo. Asperiores molestiae et qui consectetur quos.', 0, '2019-05-19 10:16:08', '2019-05-19 10:16:08'),
(17, 4, 'Dr. Norene Bogisich', 'Nostrum voluptatem dolor vero aliquam voluptatem fuga fugit velit. Harum alias iure vero deleniti officia ipsam. Id mollitia cumque itaque numquam fugiat.', 1, '2019-05-19 10:16:08', '2019-05-19 10:16:08'),
(18, 12, 'Gunnar Gerlach', 'Qui quo vel beatae tenetur et. Ut quis praesentium iste omnis earum. Eum iste voluptas enim non dignissimos aut ratione enim.', 3, '2019-05-19 10:16:08', '2019-05-19 10:16:08'),
(19, 1, 'Kellie Klocko', 'Sed quo doloribus a reiciendis. Dolorem soluta possimus sapiente quis et accusantium eius. Laboriosam reiciendis pariatur iure dolores. Tempore debitis ea itaque repudiandae ex.', 1, '2019-05-19 10:16:08', '2019-05-19 10:16:08'),
(20, 29, 'Loraine Herzog', 'Eum laudantium sit aspernatur autem. Dicta et deserunt et eligendi. Quo earum earum eaque eos. Quo tenetur nemo dolorum incidunt fugiat sint.', 3, '2019-05-19 10:16:08', '2019-05-19 10:16:08'),
(21, 39, 'Kathryne Koch', 'Iusto deleniti sed omnis rerum illo molestias quia. Quia neque unde odio et. Atque dicta corrupti voluptas ea repudiandae.', 5, '2019-05-19 10:16:08', '2019-05-19 10:16:08'),
(22, 32, 'Tate O\'Conner', 'Ad omnis voluptatem officiis. Fugit accusantium non consectetur ea voluptatibus architecto maiores magni. Non ut cumque quis reiciendis corrupti. At sequi eos itaque atque minima.', 5, '2019-05-19 10:16:08', '2019-05-19 10:16:08'),
(23, 48, 'Tomasa Hintz IV', 'Possimus in tenetur qui dolore ad error. Laboriosam eius velit dolor et impedit. Praesentium accusamus numquam et ut.', 0, '2019-05-19 10:16:08', '2019-05-19 10:16:08'),
(24, 34, 'Mia Casper', 'Vero excepturi minus doloribus iure. Dolorem nihil harum ipsa exercitationem eius corrupti qui. Saepe quisquam id voluptas vel et fugit totam.', 0, '2019-05-19 10:16:08', '2019-05-19 10:16:08'),
(25, 42, 'Ludie Mante', 'Adipisci laborum vel quisquam iure et eos similique. Voluptates est eum nam ut occaecati in. Rem quia ipsum sequi magnam nisi quas.', 0, '2019-05-19 10:16:08', '2019-05-19 10:16:08'),
(26, 10, 'Prof. Camille Farrell IV', 'Qui ea quae blanditiis et excepturi harum doloribus. Repellendus voluptatem quod eos dolorem. Aut voluptate quidem nisi quia.', 0, '2019-05-19 10:16:08', '2019-05-19 10:16:08'),
(27, 42, 'Willow Marquardt', 'Sunt repudiandae sint aspernatur autem. Magnam dolorem impedit quia minima labore vero magni. Ad cupiditate omnis quidem doloremque enim aut in.', 2, '2019-05-19 10:16:08', '2019-05-19 10:16:08'),
(28, 17, 'Samir Ortiz', 'Id laborum repellat quia aspernatur nulla aut velit. Culpa ut error dolore vero enim. Qui excepturi minima adipisci voluptatibus fugit impedit et.', 2, '2019-05-19 10:16:08', '2019-05-19 10:16:08'),
(29, 2, 'Fred Mosciski', 'Sint impedit ut expedita fuga. Architecto dolorem sed minus autem est. Quisquam cum odit voluptas qui sunt non. Culpa consequatur asperiores illo quam aut.', 4, '2019-05-19 10:16:08', '2019-05-19 10:16:08'),
(30, 25, 'Stan Krajcik MD', 'Provident sint eum ut mollitia. Sed sed aut mollitia earum harum voluptatibus ipsam. Omnis rerum eligendi rerum reprehenderit earum. Optio eos minima repellendus aliquam aliquam explicabo eos.', 4, '2019-05-19 10:16:08', '2019-05-19 10:16:08'),
(31, 23, 'Mr. Efrain Johnson', 'Vel exercitationem consequuntur est accusamus officiis. Voluptatem et eius quaerat error. Incidunt harum animi pariatur sit.', 1, '2019-05-19 10:16:08', '2019-05-19 10:16:08'),
(32, 35, 'Miss Kaitlin Roberts Sr.', 'Voluptatem molestiae rerum nulla ad. Ea eum et impedit enim quia. Autem eum ut nesciunt qui. Qui amet sit ullam.', 3, '2019-05-19 10:16:08', '2019-05-19 10:16:08'),
(33, 1, 'Herminio Schimmel', 'Expedita animi aut eveniet eveniet ipsa quod a. Ut voluptas reprehenderit et ut. Voluptas et saepe sint voluptas architecto amet facilis. Expedita veritatis eaque voluptatem dolor unde numquam est sequi.', 5, '2019-05-19 10:16:08', '2019-05-19 10:16:08'),
(34, 1, 'Gianni Kiehn', 'Quis aliquam aliquid placeat autem et fugit. Quod fugit repellat ut autem autem velit. Ut recusandae animi molestiae ut non dolorem.', 4, '2019-05-19 10:16:08', '2019-05-19 10:16:08'),
(35, 9, 'Geoffrey Schulist', 'Reiciendis esse nemo maxime quo necessitatibus assumenda iste. Assumenda aspernatur et nostrum fuga harum. Sit sed molestias voluptas dolore iusto odit ipsa.', 5, '2019-05-19 10:16:08', '2019-05-19 10:16:08'),
(36, 24, 'Wendell Mraz III', 'Sapiente temporibus sapiente ipsa ut ea. Omnis enim eligendi est minima dolorem. Aut corporis voluptatibus qui et rerum accusamus debitis. Voluptas aut excepturi aliquid fugiat sapiente.', 5, '2019-05-19 10:16:08', '2019-05-19 10:16:08'),
(37, 36, 'Clark Will MD', 'Quae ea eveniet magnam eum sequi at sunt atque. Est omnis omnis velit at. Nobis quasi delectus et enim animi. Rerum qui temporibus tempora omnis illo voluptatum.', 5, '2019-05-19 10:16:08', '2019-05-19 10:16:08'),
(38, 37, 'Dalton Trantow', 'At consectetur asperiores ipsum exercitationem ut et quia. Et quibusdam sint et officia sint mollitia. Ipsum consequuntur eaque aut ad. Voluptatem totam in veritatis et perspiciatis.', 5, '2019-05-19 10:16:08', '2019-05-19 10:16:08'),
(39, 1, 'Clair Baumbach', 'Qui omnis dolore velit dolor. Animi repellat et harum debitis numquam quia. Est perferendis dolores eligendi officiis eos. Quia velit sed tempore pariatur ut aut saepe. Modi in quod natus dolores.', 1, '2019-05-19 10:16:08', '2019-05-19 10:16:08'),
(40, 21, 'Paul Daugherty', 'Eum accusantium iusto aut aliquam quae laborum possimus. Soluta vero ut officiis voluptas doloribus debitis. Vel sed corporis enim iure modi nostrum deleniti. Nesciunt doloribus at in omnis quia.', 3, '2019-05-19 10:16:08', '2019-05-19 10:16:08'),
(41, 29, 'Camden Macejkovic', 'Excepturi illo eos ea reprehenderit odio sed. Accusamus modi sunt itaque voluptatem doloribus. Dolor omnis qui eligendi ad eligendi maiores.', 4, '2019-05-19 10:16:08', '2019-05-19 10:16:08'),
(42, 1, 'Lera Schinner', 'Cumque in omnis commodi doloribus non. At temporibus ut eum et enim dolor consequatur explicabo. Cupiditate et ut est blanditiis quibusdam expedita culpa. Doloremque modi dolorem alias cum consequatur ratione eum non.', 4, '2019-05-19 10:16:08', '2019-05-19 10:16:08'),
(43, 20, 'Maymie Daniel III', 'Et dolore asperiores recusandae enim optio laborum exercitationem quia. Accusantium quos qui dolor aspernatur delectus. Sunt aspernatur animi blanditiis dolores corrupti. Dolor rerum necessitatibus repudiandae culpa nisi.', 2, '2019-05-19 10:16:08', '2019-05-19 10:16:08'),
(44, 9, 'Roosevelt Senger PhD', 'Pariatur cumque a fuga doloribus et commodi. A sint cumque vero. Qui nostrum omnis et quaerat ab rerum. Sed suscipit velit vel tempore ut.', 3, '2019-05-19 10:16:08', '2019-05-19 10:16:08'),
(45, 33, 'Missouri Sauer', 'Et est ex odit. Fuga id quis ut. Dolorum ut recusandae asperiores sunt quia facere vel.', 2, '2019-05-19 10:16:08', '2019-05-19 10:16:08'),
(46, 18, 'Dr. Shaun Cummings II', 'Dolore rerum ipsa laborum quaerat quam non. Voluptas excepturi est ut voluptatibus possimus. Minus vel ut harum illo deserunt autem sint.', 3, '2019-05-19 10:16:08', '2019-05-19 10:16:08'),
(47, 11, 'Jaquan Kutch', 'Labore qui libero impedit reprehenderit. Eaque id quia corrupti omnis odit provident. Nihil aliquid rerum quibusdam ut vel beatae sed dolores.', 2, '2019-05-19 10:16:08', '2019-05-19 10:16:08'),
(48, 17, 'Prof. Murray Purdy Sr.', 'Aut voluptatem nisi voluptatem dolores repellat autem. Sint harum eum autem officiis porro fugit. Exercitationem et similique doloremque. Exercitationem sit quam voluptatem vero.', 0, '2019-05-19 10:16:08', '2019-05-19 10:16:08'),
(49, 45, 'Miss Yadira Monahan Jr.', 'Enim qui ratione libero in quo mollitia. Cupiditate sit enim nemo eveniet ex nobis laborum. Ut consequuntur consectetur voluptatem qui praesentium voluptate sed. Omnis dicta sit excepturi optio reprehenderit quia nobis.', 2, '2019-05-19 10:16:08', '2019-05-19 10:16:08'),
(50, 41, 'Quinton Langworth', 'Laborum aut et debitis sit sit neque odio quo. Voluptate maiores alias quia voluptatem exercitationem nisi. Qui vero modi illo eos dicta.', 4, '2019-05-19 10:16:08', '2019-05-19 10:16:08'),
(51, 37, 'Jonathan Schaden MD', 'Non veritatis fuga dolorem tenetur accusamus enim at. Provident at deleniti nemo cumque. Optio omnis et vitae nihil suscipit.', 5, '2019-05-19 10:16:08', '2019-05-19 10:16:08'),
(52, 17, 'Alisa Volkman Jr.', 'Et a sed modi in. Repudiandae mollitia est sit omnis qui libero. Sequi nulla molestiae enim quo aut.', 1, '2019-05-19 10:16:08', '2019-05-19 10:16:08'),
(53, 24, 'Mrs. Ashtyn Sanford DDS', 'Qui laborum quia quo sunt dolores. Dolor incidunt voluptatem qui. Sint sequi dolore consequatur qui dolor rerum rerum. Eligendi quod consequuntur sit optio praesentium adipisci ullam.', 3, '2019-05-19 10:16:08', '2019-05-19 10:16:08'),
(54, 15, 'Hildegard Runte V', 'Assumenda ut vel ut. Incidunt sed numquam tempora aspernatur aut quibusdam. Adipisci facilis eum laboriosam fugiat. Ex at sed nisi corrupti.', 0, '2019-05-19 10:16:08', '2019-05-19 10:16:08'),
(55, 24, 'Dr. Benton Harber', 'Aliquid voluptas est at minima nam. Vero et amet sunt. Cumque assumenda dolores voluptatem omnis. Dicta ut accusantium quidem modi fuga doloribus.', 1, '2019-05-19 10:16:08', '2019-05-19 10:16:08'),
(56, 32, 'Roger Erdman', 'Natus itaque quasi asperiores optio fuga vitae voluptas. Perferendis quidem sapiente rem pariatur non earum. Qui autem aut deleniti pariatur officiis culpa et. Excepturi aut culpa ut consequatur quod neque.', 5, '2019-05-19 10:16:09', '2019-05-19 10:16:09'),
(57, 24, 'Karley Lindgren', 'Iure tempore aut est mollitia nam odit facere et. Sit esse doloremque rerum. Ut iure nulla tempore voluptas et.', 4, '2019-05-19 10:16:09', '2019-05-19 10:16:09'),
(58, 20, 'Miss Octavia Jaskolski IV', 'Rerum eos accusamus perspiciatis id. Laudantium quia ipsa tempore sit recusandae velit. At mollitia iusto et expedita labore dolor et. Nihil aut ea adipisci ea ut quisquam tenetur.', 0, '2019-05-19 10:16:09', '2019-05-19 10:16:09'),
(59, 37, 'Ms. Meredith Sawayn Jr.', 'Quas molestiae quo quia quasi nihil dolores quam. Atque laudantium nam alias quis quas. Libero eos qui sed ut qui accusantium. Architecto natus unde facere vero cumque temporibus.', 4, '2019-05-19 10:16:09', '2019-05-19 10:16:09'),
(60, 27, 'Prof. Rebeca Kozey', 'Quia in quo laborum quia maiores eum. Iste fuga amet cumque quisquam cupiditate nesciunt. A omnis similique molestiae quis consectetur asperiores. Inventore ut ut ab alias est necessitatibus dolores ut. In eos omnis dolores laboriosam.', 1, '2019-05-19 10:16:09', '2019-05-19 10:16:09'),
(61, 8, 'Prof. Isadore Ernser I', 'Enim explicabo ea ut laborum ducimus sapiente magni. Laboriosam animi molestias occaecati sit eligendi. Voluptatem sit alias ut enim blanditiis non temporibus asperiores. Recusandae suscipit omnis ipsum similique.', 2, '2019-05-19 10:16:09', '2019-05-19 10:16:09'),
(62, 26, 'Kellie Rutherford', 'Qui quae odit iure voluptas est et debitis nihil. Labore molestiae est et ut aut voluptatum. Sit voluptatem rerum veniam dolorum tenetur nihil est odit. Enim animi iusto quidem.', 5, '2019-05-19 10:16:09', '2019-05-19 10:16:09'),
(63, 29, 'Dewayne Lubowitz', 'Rerum officia est adipisci assumenda laboriosam dicta laudantium vel. Dolorum libero culpa voluptatum dolorem minima mollitia. Itaque eveniet sit sint enim atque dolor. Aliquid quibusdam est nisi earum in.', 3, '2019-05-19 10:16:09', '2019-05-19 10:16:09'),
(64, 25, 'Kane Hane', 'In in dolorem sint assumenda nobis. Aut similique dolores voluptatem reprehenderit quod expedita. Optio voluptatum consequuntur harum tempore.', 5, '2019-05-19 10:16:09', '2019-05-19 10:16:09'),
(65, 27, 'Ms. Camila Adams I', 'Dicta nostrum et aliquam. Ea exercitationem iusto impedit numquam tempore laboriosam corrupti. Possimus sint reprehenderit omnis quis quod ea. Laboriosam ab perspiciatis tempora itaque.', 5, '2019-05-19 10:16:09', '2019-05-19 10:16:09'),
(66, 31, 'Maiya Kub', 'Saepe quasi repellendus aut autem ut dolore quas. Non voluptatibus id perferendis quia. Ut fuga fugiat voluptatum sequi deserunt iste dolorum. Ut ducimus eligendi ab assumenda. Corrupti dolorum quos dolorem ex et ducimus ut beatae.', 4, '2019-05-19 10:16:09', '2019-05-19 10:16:09'),
(67, 11, 'Mr. Jamar Dach', 'Nihil enim quisquam earum in numquam. Voluptatum ab et officia vel. Accusantium deleniti quia dolorem a. Voluptatem id dolorem suscipit dignissimos ducimus nulla officia veritatis.', 3, '2019-05-19 10:16:09', '2019-05-19 10:16:09'),
(68, 41, 'Treva Weissnat', 'Vero est molestias esse ut molestiae deleniti numquam. In aliquam culpa sit voluptates. Adipisci alias aperiam ullam.', 0, '2019-05-19 10:16:09', '2019-05-19 10:16:09'),
(69, 31, 'Lydia Littel', 'Ratione quia amet qui nam optio eveniet. Dolores ex qui tempora consequuntur illo minus. Quia adipisci molestias sed soluta dicta harum voluptas. Quo aliquam cupiditate provident qui.', 4, '2019-05-19 10:16:09', '2019-05-19 10:16:09'),
(70, 26, 'Maximilian Nader', 'Vel consequatur illo officiis. Quasi in error voluptatem et. Distinctio accusamus dolore dolor reprehenderit consequuntur sit qui. Molestiae sapiente qui modi tempore earum qui.', 0, '2019-05-19 10:16:09', '2019-05-19 10:16:09'),
(71, 10, 'Krystina Dickens', 'Praesentium in et sapiente velit. Qui et voluptas sunt atque non modi incidunt. Saepe occaecati sint esse et.', 0, '2019-05-19 10:16:09', '2019-05-19 10:16:09'),
(72, 40, 'Sedrick Greenholt', 'Expedita ipsa quidem in ut quisquam. Reiciendis sed ut fugiat facere maxime et temporibus optio. Magni blanditiis ab itaque unde ut.', 1, '2019-05-19 10:16:09', '2019-05-19 10:16:09'),
(73, 32, 'Annalise Gulgowski', 'Nostrum vitae vel beatae quas quia. Voluptatibus provident explicabo qui cum saepe officia unde. Culpa nam eius iste cum.', 3, '2019-05-19 10:16:09', '2019-05-19 10:16:09'),
(74, 45, 'Ms. Vena Wolff', 'Asperiores rerum voluptas pariatur possimus. Velit ea quod expedita voluptas sapiente aut et. Minima at nobis minus laboriosam quo. Inventore asperiores illum doloremque est.', 5, '2019-05-19 10:16:09', '2019-05-19 10:16:09'),
(75, 21, 'Samanta McGlynn DDS', 'Dicta nisi officiis repellendus accusamus consequuntur. Adipisci ducimus earum aspernatur nulla. Reiciendis et consequatur ab voluptas dolor dolorum qui. Voluptas iure porro autem error.', 4, '2019-05-19 10:16:09', '2019-05-19 10:16:09'),
(76, 29, 'Juanita Reichert I', 'Pariatur eum quis placeat rem repellendus. Occaecati rerum blanditiis cupiditate et id. Asperiores id qui repudiandae tempora consequatur. Corrupti beatae repellat suscipit. Totam culpa rerum itaque expedita in tenetur odit.', 0, '2019-05-19 10:16:09', '2019-05-19 10:16:09'),
(77, 42, 'Dr. Raoul Bayer', 'Quam placeat repellendus quod id nam. Consectetur itaque ut optio et sequi corporis. Aut ratione suscipit dolorum doloremque aut sunt quibusdam. Et est maxime sunt ullam.', 1, '2019-05-19 10:16:09', '2019-05-19 10:16:09'),
(78, 49, 'Dr. Jailyn Rowe MD', 'Ad vero distinctio maxime. Laudantium omnis fugiat iusto ut non exercitationem est. Est quis sit maxime consequuntur incidunt alias. Perspiciatis nemo veniam at voluptatem est sit.', 0, '2019-05-19 10:16:09', '2019-05-19 10:16:09'),
(79, 13, 'Mrs. Ettie Altenwerth', 'Vitae voluptate doloribus illo in id. Nisi rerum perferendis perspiciatis.', 1, '2019-05-19 10:16:09', '2019-05-19 10:16:09'),
(80, 33, 'Prof. Mabelle Bode', 'Rerum velit quas sit numquam consequatur ut. Nobis est aut qui at. Repellat deleniti quis est quis. Non fugit quidem dolorem.', 1, '2019-05-19 10:16:09', '2019-05-19 10:16:09'),
(81, 21, 'Mikayla West', 'Cumque eligendi dignissimos ex mollitia labore. Nisi corrupti voluptas sit tenetur cumque. Maiores voluptates pariatur corporis aperiam quia et tempore. Magni fugit dolore at vitae vel unde tempore.', 4, '2019-05-19 10:16:09', '2019-05-19 10:16:09'),
(82, 44, 'Ray VonRueden', 'Et sit accusantium nesciunt consequuntur porro alias. Tempore in voluptatem consequatur suscipit. Est laudantium repellat sapiente enim. Recusandae modi nemo cumque iure qui dolore vel eveniet. Quam tempore commodi omnis ut consequatur consequatur.', 5, '2019-05-19 10:16:09', '2019-05-19 10:16:09'),
(83, 26, 'Ima Gislason', 'Sed molestias et nemo nobis sequi dolorum. Et cumque corrupti accusamus ipsam maxime eos et. Molestias similique sed inventore ab. Fugiat aut fuga rerum iusto explicabo deleniti.', 0, '2019-05-19 10:16:09', '2019-05-19 10:16:09'),
(84, 27, 'Gisselle Dare MD', 'Fugit et facere eligendi qui molestiae ipsum. Autem voluptatem voluptatem eaque aliquid accusantium quibusdam. Tempore voluptatem sint et exercitationem voluptatem tempore architecto.', 1, '2019-05-19 10:16:09', '2019-05-19 10:16:09'),
(85, 7, 'Kyler Oberbrunner', 'Sint quis neque eos sed at consequuntur est. Quo quis ad harum quam et.', 1, '2019-05-19 10:16:09', '2019-05-19 10:16:09'),
(86, 44, 'Antwon Rippin', 'Qui non quia velit quis. Exercitationem dolores nihil ut quasi sed. Aut deserunt omnis sequi.', 1, '2019-05-19 10:16:09', '2019-05-19 10:16:09'),
(87, 8, 'Dion Pacocha', 'Dicta error sit numquam. Quia unde vitae perspiciatis. Perspiciatis ut quisquam cumque aut repellendus atque.', 1, '2019-05-19 10:16:09', '2019-05-19 10:16:09'),
(88, 40, 'Michael Wisozk', 'Et fuga optio enim fuga explicabo et. Ut architecto ipsum quia inventore voluptatem. Fugiat et expedita dolorum possimus et reprehenderit. Aliquid doloribus sed aut dolores nam. Porro illum voluptatem vero hic.', 1, '2019-05-19 10:16:09', '2019-05-19 10:16:09'),
(89, 21, 'Rhoda Gleichner', 'Quo aut dolores non odio. Perspiciatis repudiandae veniam sapiente et eveniet omnis rerum. Et quidem eos totam distinctio voluptatem hic similique repellat. Dicta aut voluptatem consectetur molestiae.', 3, '2019-05-19 10:16:09', '2019-05-19 10:16:09'),
(90, 31, 'Wilfredo Torphy', 'Optio aut dicta ea est. Temporibus molestiae dolor sit illum voluptatum. Sed ad cumque sequi qui laborum nostrum quia. Autem ut magni dolorem quia.', 2, '2019-05-19 10:16:09', '2019-05-19 10:16:09'),
(91, 25, 'Nayeli Haag', 'Asperiores vel vel ea dolore. Laboriosam error repellat numquam et doloribus tempora veritatis. Et earum rem et nemo voluptatem veniam. Vitae assumenda esse corporis odit et.', 5, '2019-05-19 10:16:09', '2019-05-19 10:16:09'),
(92, 38, 'Dr. Zakary Mohr', 'Autem tempore qui nostrum cumque libero atque error. Dolorum esse et architecto quod doloremque. Vitae ipsa temporibus earum non. Quia aut esse eum quo.', 2, '2019-05-19 10:16:09', '2019-05-19 10:16:09'),
(93, 50, 'Nayeli Kemmer III', 'Sit eum dolores cupiditate dolores sit. Aut sed quo deleniti optio ab id id qui. Ipsum beatae quia corporis suscipit quisquam quas. Enim ut sed ea voluptatem natus.', 5, '2019-05-19 10:16:09', '2019-05-19 10:16:09'),
(94, 6, 'Mitchel Bergnaum', 'Voluptas beatae nam magni sed molestiae. Et commodi autem ea ea. Dolor reiciendis et error laudantium. Itaque voluptas repudiandae vel dolor harum id velit sed.', 2, '2019-05-19 10:16:09', '2019-05-19 10:16:09'),
(95, 2, 'Justine Koss', 'Quis corporis ad voluptatem veniam quos. Ut dolorem adipisci ad omnis voluptas dolorum. Sunt aut libero laborum quasi. Fugit repudiandae eveniet rem ex repellendus corrupti.', 5, '2019-05-19 10:16:09', '2019-05-19 10:16:09'),
(96, 22, 'Gail Collins DVM', 'Voluptatem dicta quis quaerat magni sunt laboriosam. Distinctio temporibus sit neque non corrupti deleniti consequatur. Non delectus perspiciatis fugit.', 3, '2019-05-19 10:16:09', '2019-05-19 10:16:09'),
(97, 26, 'Norbert Ferry', 'Rerum vel qui facere alias. Nihil suscipit consectetur et itaque quos nostrum. Cum dolor tempore perferendis omnis perferendis ut.', 0, '2019-05-19 10:16:09', '2019-05-19 10:16:09'),
(98, 12, 'Marlin Hudson', 'Voluptas cum molestiae rerum cupiditate harum harum non. Numquam rerum nostrum voluptas sunt saepe quaerat. Et est modi et laudantium in pariatur soluta. Voluptas earum culpa exercitationem est modi.', 3, '2019-05-19 10:16:09', '2019-05-19 10:16:09'),
(99, 11, 'Fannie Cummerata', 'Iste perspiciatis enim non incidunt est. Optio id accusantium voluptas aspernatur aperiam. Tenetur iure nobis et neque odit. Vitae aut quia labore maxime est voluptatum numquam.', 3, '2019-05-19 10:16:09', '2019-05-19 10:16:09'),
(100, 15, 'Petra Grant', 'Quibusdam sunt dolorum exercitationem sit. Perspiciatis ipsa in architecto mollitia. Ut aspernatur soluta laudantium aut aut deleniti qui quos. Minima ad rerum autem id. Ducimus id tempora quas vitae deserunt sint.', 0, '2019-05-19 10:16:09', '2019-05-19 10:16:09'),
(101, 17, 'Vallie Kautzer', 'Totam et laboriosam aliquid alias autem iusto reiciendis. Consequatur quas voluptatem perferendis occaecati tempora et. Omnis reprehenderit modi tempore dolorem rem est.', 4, '2019-05-19 10:16:09', '2019-05-19 10:16:09'),
(102, 22, 'Percival Lueilwitz IV', 'Aut atque ex nam dolor quis quos est. Libero autem eos non sapiente aliquid cupiditate. Quae aut sit perferendis pariatur enim totam.', 2, '2019-05-19 10:16:09', '2019-05-19 10:16:09'),
(103, 43, 'Prof. Alda Goyette', 'Vel asperiores autem dolorem omnis perspiciatis voluptate. Saepe molestiae est repellat minus fugit ab. Quod ut consectetur aut exercitationem molestiae rerum. Suscipit aut aut occaecati asperiores consequatur blanditiis. Magnam qui animi aut veritatis.', 3, '2019-05-19 10:16:09', '2019-05-19 10:16:09'),
(104, 10, 'Lea Rodriguez', 'Sapiente sed accusamus hic ea sapiente dicta consequatur molestias. Dolorem pariatur id sed incidunt dolorem vero. Qui expedita exercitationem nulla sed sunt.', 1, '2019-05-19 10:16:09', '2019-05-19 10:16:09'),
(105, 39, 'Murphy Hilpert DDS', 'Dolore illum repellat at voluptatem tempore. Beatae corporis amet et velit explicabo nihil. Est perferendis assumenda et velit.', 4, '2019-05-19 10:16:09', '2019-05-19 10:16:09'),
(106, 21, 'Abelardo Quigley', 'Tempore quos dignissimos eveniet consectetur qui nemo. Velit quisquam sed quia esse. Aut asperiores iure a libero aut. Minus deserunt tempora illo autem commodi. Qui dolorum et nesciunt ipsam consequuntur et.', 1, '2019-05-19 10:16:09', '2019-05-19 10:16:09'),
(107, 15, 'Prof. Bella Dooley', 'Est quos rem est fuga. Facere quisquam minus enim vero provident. Sit et ex molestiae necessitatibus. Totam veniam iste vel impedit ipsa.', 1, '2019-05-19 10:16:09', '2019-05-19 10:16:09'),
(108, 17, 'Ms. Kyra Baumbach I', 'Cum dicta aperiam molestias mollitia asperiores. Aperiam rem nihil minima modi quo est quo.', 5, '2019-05-19 10:16:09', '2019-05-19 10:16:09'),
(109, 4, 'Hans Roberts', 'Quo voluptatem nemo consequatur aut. Omnis veniam ipsam qui sequi. Ut enim et exercitationem cupiditate. Ut facere culpa ut assumenda sit nemo.', 5, '2019-05-19 10:16:09', '2019-05-19 10:16:09'),
(110, 31, 'Green Labadie', 'Quo animi dolorum aut doloribus nemo. Tenetur voluptatem excepturi aut vitae. Facilis sint at ex voluptatem nisi magnam vel. Consequatur nobis harum excepturi et nobis quos.', 0, '2019-05-19 10:16:09', '2019-05-19 10:16:09'),
(111, 19, 'Elva Wilderman Sr.', 'Expedita natus molestias ut omnis nam. Eius possimus similique debitis iure aut quia. Voluptate delectus nobis libero accusamus. Beatae necessitatibus suscipit quos vero recusandae fuga.', 1, '2019-05-19 10:16:09', '2019-05-19 10:16:09'),
(112, 19, 'Garfield Bogan', 'Reprehenderit minus in ea et voluptas sed. Neque quo facilis adipisci sapiente nostrum quo. Deserunt ipsam non corporis aut quis veritatis odio. Incidunt quo fugiat ratione aperiam et.', 5, '2019-05-19 10:16:09', '2019-05-19 10:16:09'),
(113, 8, 'Alanis Ruecker', 'Nemo eos optio suscipit illo. Blanditiis magni dolore eum corrupti. Maiores et hic qui ratione saepe et amet. Dolorem consequatur et provident qui nulla quia.', 2, '2019-05-19 10:16:09', '2019-05-19 10:16:09'),
(114, 13, 'Stanley Aufderhar', 'Quasi doloremque recusandae quaerat ad. Molestiae delectus quisquam cum nihil ut quisquam molestiae. Odit perspiciatis porro et voluptas est.', 4, '2019-05-19 10:16:09', '2019-05-19 10:16:09'),
(115, 50, 'Zoe Kemmer', 'Rerum ut nobis molestiae animi fuga architecto provident aspernatur. Consequuntur rerum itaque at. Eaque et a earum laborum animi consequuntur. Et dolorem deserunt molestiae explicabo dolor. Error quaerat explicabo illo qui.', 0, '2019-05-19 10:16:09', '2019-05-19 10:16:09'),
(116, 19, 'Miss Rhianna Lynch', 'Dolorem amet quibusdam qui vero maxime culpa dolores. Et non ut exercitationem illum provident. Cupiditate beatae eaque vero repellat.', 0, '2019-05-19 10:16:09', '2019-05-19 10:16:09'),
(117, 17, 'Dr. Hazle VonRueden DVM', 'Esse rerum fuga in quae necessitatibus repudiandae. Et molestiae perspiciatis quidem ad et iusto iste. Et et rerum quis atque non et. Itaque nihil sed quas placeat qui quaerat neque aperiam.', 4, '2019-05-19 10:16:09', '2019-05-19 10:16:09'),
(118, 46, 'Jeffry Rohan', 'Sit consequuntur sint architecto nam provident. Magni explicabo sequi laudantium aut neque. Nostrum repudiandae exercitationem sint distinctio. Temporibus enim eveniet sunt sed nostrum.', 0, '2019-05-19 10:16:09', '2019-05-19 10:16:09'),
(119, 24, 'Edgardo Kassulke MD', 'Non est consequatur quia qui officia esse ipsam sapiente. Accusantium est in cumque et. Ipsa iure nihil ut at corporis ullam incidunt.', 2, '2019-05-19 10:16:09', '2019-05-19 10:16:09'),
(120, 36, 'Rogelio Feil', 'Cupiditate quas aliquam qui magni officia odio. Natus provident eum doloribus sed. Deleniti nesciunt architecto laboriosam nesciunt recusandae assumenda. Dolore nulla aut magni tenetur repellendus.', 4, '2019-05-19 10:16:09', '2019-05-19 10:16:09'),
(121, 5, 'Ms. Kenya Wuckert IV', 'Natus et sint nostrum neque id perspiciatis sed qui. Rerum qui veniam velit. Molestiae nihil quis modi quia sit aut id.', 3, '2019-05-19 10:16:09', '2019-05-19 10:16:09'),
(122, 15, 'Johnny Ward', 'Voluptatem sit et fugit libero et inventore eius. Illo molestias optio numquam voluptatum architecto. Voluptatem molestiae voluptas recusandae.', 0, '2019-05-19 10:16:09', '2019-05-19 10:16:09'),
(123, 16, 'Gaetano West', 'Voluptas iure fugit quae animi facilis tempore. Recusandae omnis aspernatur quia nam. In rerum atque dolore aut sit.', 0, '2019-05-19 10:16:09', '2019-05-19 10:16:09'),
(124, 40, 'Misael Mante', 'Quia eum explicabo quaerat voluptatem. Ratione reprehenderit quia dolor pariatur veritatis itaque praesentium. Inventore aut quas asperiores voluptatem rerum. Pariatur quo voluptas officiis et eos natus.', 5, '2019-05-19 10:16:09', '2019-05-19 10:16:09'),
(125, 16, 'Prof. Ila Morar Jr.', 'Incidunt ut hic et sapiente maiores. Consequuntur laboriosam debitis quos odio. Qui ipsam similique maiores quisquam non est. Atque doloribus enim nisi eaque facere modi error. Sequi repellat voluptatem vel quibusdam iure eveniet libero doloremque.', 3, '2019-05-19 10:16:09', '2019-05-19 10:16:09'),
(126, 26, 'Mrs. Madonna Treutel Sr.', 'Cumque debitis omnis velit aspernatur in enim. Aut veritatis ipsa impedit distinctio. Consequatur fugit est facilis totam. Quos rerum hic amet necessitatibus. Aspernatur dolores a ipsa voluptatum.', 4, '2019-05-19 10:16:10', '2019-05-19 10:16:10'),
(127, 14, 'Jalyn Kuhlman', 'Ut expedita impedit eum in ea. Dolorem sequi aut numquam voluptatem et.', 3, '2019-05-19 10:16:10', '2019-05-19 10:16:10'),
(128, 2, 'Mrs. Fannie Hill', 'Et et qui cupiditate dolor saepe natus ratione dignissimos. Nulla maxime dolore soluta sint facere aut. Nihil eaque placeat quod est.', 2, '2019-05-19 10:16:10', '2019-05-19 10:16:10'),
(129, 31, 'Lavina Prosacco', 'Provident aliquam possimus reiciendis eveniet a excepturi quia sit. Incidunt blanditiis quo consequuntur. Velit dolores qui expedita ut et.', 5, '2019-05-19 10:16:10', '2019-05-19 10:16:10'),
(130, 11, 'Lera Dietrich', 'Minima et dolores et eligendi qui reiciendis non quos. Veritatis corporis itaque quia ut. Eum qui non possimus est.', 2, '2019-05-19 10:16:10', '2019-05-19 10:16:10'),
(131, 21, 'Dr. Donny Ward DVM', 'Ut et omnis dolores fugiat voluptatem ut. Saepe ut sunt quod maxime culpa.', 1, '2019-05-19 10:16:10', '2019-05-19 10:16:10'),
(132, 2, 'Kevon Kirlin', 'Doloremque neque dignissimos nam aliquid fugiat dignissimos. Exercitationem voluptas alias ex ut. Nihil maxime placeat voluptates fugit ullam eos.', 4, '2019-05-19 10:16:10', '2019-05-19 10:16:10'),
(133, 2, 'Mrs. Greta Mosciski Jr.', 'Aut praesentium quis sunt similique pariatur. Sequi aliquid itaque corporis qui quibusdam est. Quos impedit tempore praesentium reiciendis excepturi harum facere.', 3, '2019-05-19 10:16:10', '2019-05-19 10:16:10'),
(134, 42, 'Miss Karolann Klein MD', 'Veniam tempore rerum voluptatem quas rerum velit. Quia doloribus corporis aut. Odio nulla dolor voluptatum hic officia sit. Officia quos laboriosam quos laborum a odio suscipit.', 1, '2019-05-19 10:16:10', '2019-05-19 10:16:10'),
(135, 24, 'Prof. Philip Fadel Jr.', 'Nihil aspernatur earum voluptatem explicabo sit voluptate qui. Autem omnis eaque quia culpa ab.', 4, '2019-05-19 10:16:10', '2019-05-19 10:16:10'),
(136, 41, 'Nina Bins', 'Nemo optio dolores tempore dolor. Est sapiente repellendus consequatur minima et labore accusantium. Dicta earum quisquam sunt dolore.', 2, '2019-05-19 10:16:10', '2019-05-19 10:16:10'),
(137, 23, 'Ara Hodkiewicz', 'Voluptatibus ullam commodi deserunt aliquid ut. Voluptatem consequatur consequuntur quam facere ex nemo. Unde qui voluptatum est possimus harum deserunt incidunt accusamus.', 0, '2019-05-19 10:16:10', '2019-05-19 10:16:10'),
(138, 38, 'Rossie Conn Sr.', 'Voluptate quam expedita eligendi. Tempore architecto labore deleniti voluptatem laborum distinctio. Nobis cumque quaerat inventore.', 0, '2019-05-19 10:16:10', '2019-05-19 10:16:10'),
(139, 15, 'Miss Alda Bernier DVM', 'Amet libero nihil officia. Autem omnis et quia numquam enim tempora pariatur. Illo sit perspiciatis suscipit quidem quis repudiandae. Aut repellat ratione dolor illum enim nostrum facere. Explicabo dolores voluptatem pariatur sunt iste labore.', 4, '2019-05-19 10:16:10', '2019-05-19 10:16:10'),
(140, 23, 'Laney Graham', 'Veniam explicabo iure qui quia deserunt aliquid dolores cum. Et quo fuga et facere veniam quasi dolorum. Soluta eum et rerum atque voluptatum iusto. Optio ratione laboriosam aspernatur exercitationem velit quia.', 5, '2019-05-19 10:16:10', '2019-05-19 10:16:10'),
(141, 41, 'Khalid Keebler', 'Porro voluptatem dolores eum. Occaecati quia cum perferendis hic non. Expedita aliquam veritatis et saepe.', 0, '2019-05-19 10:16:10', '2019-05-19 10:16:10'),
(142, 14, 'Alice Dach', 'Ex laborum qui ut expedita voluptatem quidem est qui. Explicabo sunt doloremque nihil at qui.', 1, '2019-05-19 10:16:10', '2019-05-19 10:16:10'),
(143, 4, 'Dr. Kimberly Smitham', 'Rerum hic sed aut quo. Provident cumque repellat consequatur accusamus qui dolores iure.', 4, '2019-05-19 10:16:10', '2019-05-19 10:16:10'),
(144, 44, 'Marina Ernser', 'Molestias sed autem doloribus cumque atque natus optio. Quos velit molestias quae ratione illum cupiditate quisquam. In ab qui magni aut dolores sint. Fugit optio consequatur numquam fugit ratione sequi.', 3, '2019-05-19 10:16:10', '2019-05-19 10:16:10'),
(145, 12, 'Andre Keeling', 'Modi libero est blanditiis quis ullam aut sed. Officia et consectetur qui assumenda. Repellendus voluptatibus exercitationem dignissimos voluptatibus quos earum dolores. Necessitatibus quibusdam in similique repellendus quis quasi magnam.', 0, '2019-05-19 10:16:10', '2019-05-19 10:16:10'),
(146, 16, 'Jay Fritsch', 'Voluptatem nulla velit harum neque harum nemo reprehenderit. Est in molestiae cum. Distinctio nihil repudiandae modi qui et quis. Aliquid unde quasi minus atque inventore illo.', 0, '2019-05-19 10:16:10', '2019-05-19 10:16:10'),
(147, 40, 'Prof. Norris Smith V', 'Nobis suscipit facilis et hic. Minus non quia ea sint enim. In voluptatum qui et odio aut. Blanditiis impedit et nisi ea nihil fuga. Incidunt quisquam iste facilis voluptatibus explicabo dolor sunt rerum.', 1, '2019-05-19 10:16:10', '2019-05-19 10:16:10'),
(148, 27, 'Noelia Langosh', 'Repellendus repudiandae amet ratione id rerum dolorem. Maxime totam est quos nesciunt error esse aut deserunt. Suscipit aspernatur fugit quos illum inventore.', 0, '2019-05-19 10:16:10', '2019-05-19 10:16:10'),
(149, 42, 'Dr. Julie Shields', 'Voluptates ut accusamus consequatur quia earum. Sed tenetur quibusdam reprehenderit unde consectetur assumenda. Sint voluptatem possimus veritatis est. Numquam expedita sunt molestiae dolores sed in et.', 3, '2019-05-19 10:16:10', '2019-05-19 10:16:10'),
(150, 22, 'Mr. Tatum Windler PhD', 'Doloremque et ipsum consectetur rerum. A delectus nesciunt consequatur voluptatem ut dicta veritatis.', 5, '2019-05-19 10:16:10', '2019-05-19 10:16:10'),
(151, 30, 'Bianka Gaylord', 'Eligendi repudiandae culpa vel voluptas autem et. Quo voluptatem illum illo veritatis est dolores quaerat. Voluptatem eum fugiat sit et voluptatem repudiandae aperiam. Sunt incidunt fugiat enim odio.', 2, '2019-05-19 10:16:10', '2019-05-19 10:16:10'),
(152, 9, 'Ashlee Erdman', 'Natus officiis illum corporis officiis quis expedita. Exercitationem necessitatibus quaerat aut molestiae. Et enim in ipsam et.', 2, '2019-05-19 10:16:10', '2019-05-19 10:16:10'),
(153, 32, 'Gay Kunde', 'Ipsam et eum et est eius illo eius eveniet. Laborum debitis quo perspiciatis dignissimos. Repellat consequatur eius in id corrupti.', 3, '2019-05-19 10:16:10', '2019-05-19 10:16:10'),
(154, 23, 'Mrs. Pamela Cormier IV', 'Et beatae et consequuntur veritatis possimus explicabo. Dolores omnis dolorem aut. Enim voluptatem quaerat voluptatem ipsa laudantium. Explicabo nobis unde quis dicta aut accusantium.', 1, '2019-05-19 10:16:10', '2019-05-19 10:16:10'),
(155, 5, 'Benjamin Hand', 'Est qui non nemo nesciunt et voluptatum. Sed omnis incidunt fugit ut. Est velit et est officiis. Dolores facilis nemo aliquam vel.', 3, '2019-05-19 10:16:10', '2019-05-19 10:16:10'),
(156, 16, 'Dr. Dangelo Shields V', 'Ipsam enim occaecati odit nulla sed. Nobis ut excepturi doloremque. Fuga voluptatem quod ducimus mollitia.', 2, '2019-05-19 10:16:10', '2019-05-19 10:16:10'),
(157, 31, 'Mrs. Viva Kertzmann I', 'Eos odio neque tenetur natus dolorem repellendus enim. Laborum soluta animi magni voluptas. Quibusdam sit aut porro quis aliquam omnis sed quisquam.', 0, '2019-05-19 10:16:10', '2019-05-19 10:16:10'),
(158, 11, 'Prof. Bulah Gorczany', 'Molestias quis facere ut aut dolore blanditiis. Quasi quod nam autem qui deleniti dolorem. Quisquam voluptas quos voluptas aut officiis blanditiis impedit. Voluptatem et ducimus quis inventore mollitia inventore. Error omnis dicta eveniet dicta alias.', 2, '2019-05-19 10:16:10', '2019-05-19 10:16:10'),
(159, 20, 'Fleta Schoen', 'Est cum eum quidem. Qui velit ipsam veniam dicta qui vero. Officiis hic enim laudantium illo eaque delectus. Sint ea alias ipsa omnis et qui ut ducimus. Itaque deleniti voluptatem et atque quibusdam ratione est incidunt.', 4, '2019-05-19 10:16:10', '2019-05-19 10:16:10'),
(160, 9, 'Floyd Ankunding Jr.', 'Voluptatem explicabo aut sapiente est. Vero omnis asperiores consequatur et in illo. Repellat ipsam est possimus voluptatum totam in.', 0, '2019-05-19 10:16:10', '2019-05-19 10:16:10'),
(161, 47, 'Odie Fahey', 'Id cumque delectus nisi laudantium reprehenderit veniam dolorum. Soluta nobis est harum aut. Non earum commodi in dolor nihil eveniet et. Nesciunt corporis aut et et.', 3, '2019-05-19 10:16:10', '2019-05-19 10:16:10'),
(162, 10, 'Idella Marvin', 'Animi eligendi soluta autem et sint pariatur. Velit est enim deserunt debitis quae aut distinctio. Libero hic molestiae esse esse in architecto cumque. Quam mollitia earum ea neque.', 4, '2019-05-19 10:16:10', '2019-05-19 10:16:10'),
(163, 16, 'Melany Gerlach', 'Vitae quis sunt illo. Doloribus ut omnis consequatur dolor. Velit natus veniam facilis quia vero.', 4, '2019-05-19 10:16:10', '2019-05-19 10:16:10'),
(164, 16, 'Althea Kihn', 'Nihil provident quos sunt fugit officia in. Ex molestiae quos neque aliquid voluptate. Aut atque labore accusantium velit. Quas aut tempore in omnis consequatur nulla.', 0, '2019-05-19 10:16:10', '2019-05-19 10:16:10'),
(165, 14, 'Mr. Garfield Mayert', 'Delectus dolor ducimus ut atque ipsa. Quia ducimus corrupti veritatis tempora consequatur sapiente. Ipsam impedit commodi nostrum non tenetur. Nisi eveniet perspiciatis nulla distinctio aliquam ea.', 2, '2019-05-19 10:16:10', '2019-05-19 10:16:10'),
(166, 19, 'Ms. Leslie Murazik', 'Voluptate illum nihil accusantium corrupti placeat asperiores tempora enim. Consequatur officiis nesciunt minima officiis neque placeat consequuntur quia. Fuga et sapiente omnis officia. Facilis ducimus voluptas aut maiores et modi.', 0, '2019-05-19 10:16:10', '2019-05-19 10:16:10'),
(167, 7, 'Dayana Schmitt', 'Et quo qui veniam animi voluptas officia. Optio praesentium voluptates dignissimos soluta quidem aut deserunt. Eveniet amet molestiae qui. Exercitationem deleniti porro est cumque voluptas aliquam harum. Laborum accusamus consequuntur aut voluptatem aperiam.', 4, '2019-05-19 10:16:10', '2019-05-19 10:16:10'),
(168, 17, 'Gussie Smith', 'Adipisci expedita rerum odio perspiciatis. A laboriosam vero et reprehenderit molestiae laboriosam eius. Dolorum velit dolores quia vitae. Ab labore nulla ullam consequatur ipsum consequatur.', 2, '2019-05-19 10:16:10', '2019-05-19 10:16:10'),
(169, 19, 'Trevion Heidenreich', 'Nobis voluptate est et quas odit omnis. Non voluptatibus repellendus eligendi. Dicta ad aspernatur maiores.', 2, '2019-05-19 10:16:10', '2019-05-19 10:16:10'),
(170, 16, 'Mina Dare', 'Facilis cum ullam reprehenderit numquam magni autem. Iure neque perferendis velit non aut quidem. Rerum quia non est itaque sunt recusandae.', 0, '2019-05-19 10:16:10', '2019-05-19 10:16:10'),
(171, 49, 'Alexandra Gusikowski', 'Eligendi et dolorem voluptatem omnis odio. Eos aut et doloribus veniam quia dolorum est dolorem. Error rerum voluptatum neque nihil. Architecto officia sit officiis sit enim.', 0, '2019-05-19 10:16:10', '2019-05-19 10:16:10'),
(172, 42, 'Karolann Greenfelder', 'Id qui qui porro delectus ut quasi. Et cupiditate ea et quia. In ex quis suscipit unde qui enim quasi quia. Commodi est quis qui quia ipsa.', 3, '2019-05-19 10:16:10', '2019-05-19 10:16:10'),
(173, 12, 'Cloyd Reynolds', 'Sequi accusamus et iure. Earum cupiditate id cum quos eius et.', 0, '2019-05-19 10:16:10', '2019-05-19 10:16:10'),
(174, 26, 'Kevon Kunde II', 'Dolore ad nam exercitationem consequatur eum occaecati. Nihil sapiente molestiae laborum molestiae mollitia. Totam voluptatibus voluptas quisquam sapiente rerum facilis quia.', 2, '2019-05-19 10:16:10', '2019-05-19 10:16:10'),
(175, 1, 'Sasha Bednar', 'Cum molestiae sed ut tempora qui. Illo sequi provident doloribus omnis quidem magni qui voluptatum. Sapiente blanditiis reprehenderit et iusto qui vel. Perspiciatis et deserunt facilis iure excepturi.', 2, '2019-05-19 10:16:10', '2019-05-19 10:16:10'),
(176, 34, 'Ms. Sienna Witting', 'Itaque nisi laborum deserunt itaque culpa. Sit ex recusandae qui placeat error. Ipsa sunt sed aut voluptates.', 0, '2019-05-19 10:16:10', '2019-05-19 10:16:10'),
(177, 16, 'Gabe Emmerich III', 'Est et eos qui pariatur ea perferendis iste sit. Aut saepe rem illum et. Rerum consequatur quaerat ullam autem corrupti dolorem officia fugit.', 5, '2019-05-19 10:16:10', '2019-05-19 10:16:10'),
(178, 13, 'Germaine Grimes', 'Eveniet voluptatem unde fugit voluptates. Sequi consequatur praesentium qui deserunt. Corporis occaecati cupiditate voluptatem ut eos. Officia rem soluta sunt rerum non sit.', 1, '2019-05-19 10:16:10', '2019-05-19 10:16:10'),
(179, 43, 'Velma Mertz Sr.', 'Aut sit quis est fugiat assumenda ea fugit. Officiis nihil ipsum sapiente voluptatem sit repellendus. Nisi alias quo in nihil molestiae. Adipisci omnis aut consequatur nemo consectetur quia natus.', 4, '2019-05-19 10:16:10', '2019-05-19 10:16:10'),
(180, 47, 'Mr. Cordelia Schinner Jr.', 'Et atque velit illum maiores. Nisi numquam ut officia non et facere. Quidem inventore molestiae at quas dolorum et quod eum. Pariatur et praesentium qui est tempore repudiandae reiciendis. Ipsum molestias omnis et amet omnis quasi explicabo.', 5, '2019-05-19 10:16:10', '2019-05-19 10:16:10'),
(181, 29, 'Amparo Dooley III', 'Nemo eligendi dicta dolore id. Aspernatur tempore beatae veniam aut veritatis dolor. Mollitia voluptatem quo eius aut quidem adipisci voluptatem. Quas totam praesentium voluptas est aliquid.', 0, '2019-05-19 10:16:10', '2019-05-19 10:16:10'),
(182, 13, 'Precious Lebsack', 'Sunt qui sit incidunt nisi. Suscipit error quis doloremque earum et. Nisi et omnis non unde sint.', 2, '2019-05-19 10:16:10', '2019-05-19 10:16:10'),
(183, 7, 'Dr. Pietro Heathcote', 'Voluptatem sunt ex et beatae maxime et commodi. Dolores hic est eos dolore ea molestiae perferendis. Quas inventore omnis et repellendus. Reiciendis alias reiciendis quo sed eum suscipit ut.', 0, '2019-05-19 10:16:10', '2019-05-19 10:16:10'),
(184, 24, 'Maddison Farrell', 'Odit quo incidunt corrupti repellat natus aut corporis. Quidem id odio non quia maiores vero dolorem voluptates. Recusandae quidem dolores aliquid et. Laudantium error adipisci commodi voluptatem est et.', 4, '2019-05-19 10:16:10', '2019-05-19 10:16:10'),
(185, 48, 'Mrs. Delpha Schuster', 'Eius quia maxime inventore eos eos nihil cum. Voluptas nemo incidunt veniam ab ut sed rerum. Animi ad consequatur qui esse iste quisquam. Sit omnis rem aliquam recusandae fuga.', 5, '2019-05-19 10:16:10', '2019-05-19 10:16:10'),
(186, 40, 'Keeley Leffler', 'Labore voluptatem qui sit molestiae. Unde rerum ea ut laboriosam commodi. Vel provident quos consequuntur sint facilis non qui.', 4, '2019-05-19 10:16:10', '2019-05-19 10:16:10'),
(187, 14, 'Quincy Deckow', 'Odit quaerat ut enim quo repudiandae repudiandae vel. Voluptas ut et sed voluptates est et. Temporibus quasi harum maiores magnam.', 1, '2019-05-19 10:16:10', '2019-05-19 10:16:10'),
(188, 31, 'Carmelo Mitchell V', 'Eius et ut veritatis veritatis non quo et eveniet. Dolorem nesciunt voluptas voluptas aliquid voluptatem officiis autem. Expedita reiciendis quos nostrum quia alias quo perferendis. Nulla incidunt quis eos rerum explicabo minus.', 1, '2019-05-19 10:16:10', '2019-05-19 10:16:10'),
(189, 15, 'Keshaun Runte', 'Est aut et maxime voluptatem necessitatibus in. Dolore maiores quo doloremque recusandae laborum.', 2, '2019-05-19 10:16:10', '2019-05-19 10:16:10'),
(190, 6, 'Mr. Brady VonRueden DVM', 'Corporis reiciendis et velit omnis. Eum numquam id maxime illum fuga ab. Quia temporibus debitis quia nemo.', 0, '2019-05-19 10:16:10', '2019-05-19 10:16:10'),
(191, 49, 'Sylvia Roob', 'Et nulla nihil accusantium. Sint perspiciatis cum dolor est voluptatibus qui voluptatem.', 3, '2019-05-19 10:16:10', '2019-05-19 10:16:10'),
(192, 41, 'Dr. Greg Grimes MD', 'Necessitatibus doloremque beatae dolor quaerat sint laudantium dolor. Ab veritatis voluptas et fugiat. Voluptas molestiae consequatur aut maxime ipsa eum. Sit explicabo ipsa qui ea.', 0, '2019-05-19 10:16:10', '2019-05-19 10:16:10'),
(193, 24, 'Sadie Wiegand V', 'Aut occaecati qui omnis et. Voluptate quia voluptates aut aliquam ea cupiditate. Quas sint in consequatur. Et et provident earum ea.', 1, '2019-05-19 10:16:10', '2019-05-19 10:16:10'),
(194, 47, 'Mrs. Danika Keebler', 'Aut doloribus consectetur quidem minus facilis doloribus. Non quod et consectetur rerum aliquam. Quasi enim dolorum minima qui eligendi quos et nobis. Iusto ut deleniti possimus molestiae ut sed distinctio. Non quia recusandae et quia reiciendis hic qui.', 5, '2019-05-19 10:16:10', '2019-05-19 10:16:10'),
(195, 21, 'Ms. Aylin White V', 'Sed aliquid tempore sint vel. Est eos incidunt nihil hic eum deleniti nostrum. Nihil voluptates vitae incidunt voluptatem corrupti natus.', 2, '2019-05-19 10:16:10', '2019-05-19 10:16:10'),
(196, 31, 'Kiley Harber', 'Enim repudiandae odit culpa quo sunt et. Libero reprehenderit nesciunt quam. Sapiente quasi aut molestiae odio reiciendis beatae.', 3, '2019-05-19 10:16:11', '2019-05-19 10:16:11'),
(197, 3, 'Alana Reilly', 'Exercitationem omnis quia quod sequi officia ut. Expedita vel ipsam eveniet magni aliquid. Vero ipsa voluptas accusantium itaque error laborum voluptatem.', 0, '2019-05-19 10:16:11', '2019-05-19 10:16:11'),
(198, 26, 'Mrs. Beth Howe PhD', 'Ipsam eveniet aut ut labore vitae. Distinctio vel atque enim sunt deserunt. Delectus voluptas quia delectus blanditiis a ut recusandae.', 0, '2019-05-19 10:16:11', '2019-05-19 10:16:11'),
(199, 20, 'Prof. Carmelo Mueller', 'Similique cumque quod quae possimus sapiente consequatur ab. Aliquid tempora assumenda autem accusantium. Debitis et est sit. Vero doloremque eaque qui sunt nostrum deleniti.', 5, '2019-05-19 10:16:11', '2019-05-19 10:16:11'),
(200, 38, 'Eldridge Robel', 'Sed sapiente placeat deserunt sed. Necessitatibus aut velit voluptates aut. Similique et blanditiis repellendus praesentium fugiat.', 3, '2019-05-19 10:16:11', '2019-05-19 10:16:11'),
(201, 31, 'Shayne Upton', 'Velit maiores laborum nam nemo aspernatur. Odit autem nisi et doloremque esse reiciendis. Ratione repudiandae quae dolorem. Quisquam autem molestiae minima consequatur consequatur omnis fugit.', 2, '2019-05-19 10:16:11', '2019-05-19 10:16:11'),
(202, 34, 'Carroll Ferry', 'Nemo qui praesentium odit saepe quisquam. Accusantium eos dolores reiciendis quia praesentium neque. Molestiae dolor repellendus perspiciatis consequatur quisquam. Laborum consequuntur quo dicta molestiae et tempore exercitationem.', 2, '2019-05-19 10:16:11', '2019-05-19 10:16:11'),
(203, 31, 'Kaela Grady', 'Debitis eveniet enim aut. Voluptatem qui reiciendis et earum. Sed non voluptas qui est doloremque est.', 3, '2019-05-19 10:16:11', '2019-05-19 10:16:11'),
(204, 1, 'Cordie Nicolas', 'Sit porro magni animi sit culpa. Nihil doloremque et ut impedit. Et tenetur ex velit nemo ut.', 0, '2019-05-19 10:16:11', '2019-05-19 10:16:11'),
(205, 4, 'Talon Beatty IV', 'Nisi esse eaque qui facilis aspernatur illum atque. Repellat corporis reprehenderit omnis et aperiam exercitationem architecto. Similique dignissimos commodi et perspiciatis ipsa accusantium ipsa reprehenderit.', 4, '2019-05-19 10:16:11', '2019-05-19 10:16:11'),
(206, 36, 'Filiberto Daniel', 'Dolore maxime omnis qui qui. Nihil ex in dolor dolorem est quidem. Distinctio temporibus ex qui blanditiis voluptatum.', 2, '2019-05-19 10:16:11', '2019-05-19 10:16:11');
INSERT INTO `reviews` (`id`, `product_id`, `customer`, `review`, `star`, `created_at`, `updated_at`) VALUES
(207, 7, 'Kayleigh Heidenreich', 'Consequatur qui eius pariatur. Possimus qui sit occaecati laudantium rerum. Aut perferendis soluta et sint quo sed. Adipisci ratione voluptate autem ipsam nihil.', 5, '2019-05-19 10:16:11', '2019-05-19 10:16:11'),
(208, 23, 'Reed Kulas', 'Rerum ducimus et quis dolor ea rerum. Quae debitis sint sed sit quidem fuga. Natus et sequi similique sit iusto eos beatae. Tenetur quod expedita molestiae qui odio nesciunt praesentium.', 2, '2019-05-19 10:16:11', '2019-05-19 10:16:11'),
(209, 37, 'Dr. Amir Hirthe Jr.', 'Rerum illo rem inventore dicta quo alias. Voluptate non minus ex sed esse. Molestiae perferendis dolorem iste nulla sunt.', 5, '2019-05-19 10:16:11', '2019-05-19 10:16:11'),
(210, 30, 'Ms. Rozella Hayes', 'Dignissimos deserunt exercitationem et. Distinctio iure molestiae recusandae suscipit hic a ut. Aliquid pariatur molestiae sed deleniti dolorem iusto ipsam. Esse cupiditate alias aut voluptatem omnis.', 0, '2019-05-19 10:16:11', '2019-05-19 10:16:11'),
(211, 37, 'Waylon Bergstrom', 'Incidunt laboriosam ea quaerat eveniet aut vitae voluptas. Aut modi libero dolorem maxime accusantium accusantium quod. Fugit quis tenetur fugiat delectus et debitis.', 5, '2019-05-19 10:16:11', '2019-05-19 10:16:11'),
(212, 16, 'Kasey VonRueden', 'Culpa dolorum possimus accusantium saepe tempore maxime quibusdam. Distinctio non nam qui dolore et nobis deleniti. Nostrum deserunt libero iusto omnis deserunt. Repellat quis iure aut cupiditate nisi corrupti voluptas.', 1, '2019-05-19 10:16:11', '2019-05-19 10:16:11'),
(213, 45, 'Frederick Williamson', 'Est sed reiciendis quas sapiente quibusdam. Quia animi minus aliquid amet consequuntur. Non delectus non modi. Est sit sit atque labore qui consequatur.', 5, '2019-05-19 10:16:11', '2019-05-19 10:16:11'),
(214, 30, 'Tiara Wilkinson', 'Accusamus quas aut enim quaerat. Est ad atque suscipit accusamus inventore et. Aut voluptatibus ut tenetur eos aut.', 3, '2019-05-19 10:16:11', '2019-05-19 10:16:11'),
(215, 25, 'Miss Cecilia Watsica', 'Aut repudiandae soluta dolorem alias esse ratione. Corrupti unde natus rem voluptatem veniam. Eum culpa unde laudantium ipsam nemo tempore consectetur. Modi suscipit et cupiditate quo.', 1, '2019-05-19 10:16:11', '2019-05-19 10:16:11'),
(216, 10, 'Jane Huels', 'Voluptas a voluptas repudiandae assumenda atque accusamus. Ratione est placeat culpa quae et. Molestias quod eligendi non maxime esse non.', 3, '2019-05-19 10:16:11', '2019-05-19 10:16:11'),
(217, 4, 'Orlando Jakubowski', 'Sint qui iusto cupiditate minus quia consequuntur. Sint atque consectetur placeat facilis labore sunt. Voluptatibus eaque rerum expedita molestiae sint. Aspernatur consequatur provident ipsa.', 2, '2019-05-19 10:16:11', '2019-05-19 10:16:11'),
(218, 41, 'Helga Swaniawski', 'Fugit aut inventore qui et aliquid. Nisi cum qui nostrum vel quam. Aut fugit molestiae dolorem omnis. Quaerat sed consequuntur mollitia quis aut.', 2, '2019-05-19 10:16:11', '2019-05-19 10:16:11'),
(219, 2, 'Carmella Reichel MD', 'Dolor voluptatem et exercitationem laboriosam. Et ipsam molestiae occaecati corrupti consectetur voluptatem minus aut. Aperiam id unde minus enim. Unde aut provident esse beatae aliquid aut nihil non.', 5, '2019-05-19 10:16:11', '2019-05-19 10:16:11'),
(220, 5, 'Prof. Lessie Ondricka Jr.', 'Corporis repudiandae blanditiis voluptatem recusandae voluptate. Qui amet accusamus consequatur dolorum sit. Aperiam unde maxime ea dolorem.', 5, '2019-05-19 10:16:11', '2019-05-19 10:16:11'),
(221, 30, 'Ms. Noemie Osinski', 'In non vero in. Nisi soluta rerum reiciendis veniam laborum corrupti. Eligendi numquam quia et.', 4, '2019-05-19 10:16:11', '2019-05-19 10:16:11'),
(222, 34, 'Saige Jaskolski', 'Omnis minima voluptatum et ea laboriosam qui. Repudiandae et eaque voluptatum iusto nulla odio. Minus ex itaque quo temporibus. Iusto ut dolorem odit nihil dolorum aut.', 4, '2019-05-19 10:16:11', '2019-05-19 10:16:11'),
(223, 4, 'Ozella Parisian', 'Placeat numquam illo vel placeat cumque fugit. Repudiandae voluptas optio quia exercitationem eum officia mollitia odit.', 0, '2019-05-19 10:16:11', '2019-05-19 10:16:11'),
(224, 49, 'Prof. Elbert Torphy', 'Laboriosam omnis dolorem rerum fuga optio recusandae ea. Voluptatem porro modi eum odio enim dolorum dolorem. Facilis quia quod qui.', 2, '2019-05-19 10:16:11', '2019-05-19 10:16:11'),
(225, 1, 'Arch Ebert', 'Sunt corrupti consequatur odio libero et fugiat repellat. Deleniti saepe vel qui non minima.', 0, '2019-05-19 10:16:11', '2019-05-19 10:16:11'),
(226, 41, 'Bert Lind', 'Et adipisci qui autem recusandae neque est voluptates. Dolores laborum id voluptatem debitis voluptatibus dolores ab. Nisi reiciendis corporis nostrum molestias possimus amet veniam. Vel aliquam ut aspernatur.', 0, '2019-05-19 10:16:11', '2019-05-19 10:16:11'),
(227, 44, 'Tabitha King', 'Facere ad ducimus totam voluptatum pariatur quaerat officia. Et quos autem quae harum hic. Nam praesentium libero sint in quia minima.', 4, '2019-05-19 10:16:11', '2019-05-19 10:16:11'),
(228, 16, 'Roosevelt Bergstrom', 'Blanditiis quis inventore fugiat. Numquam inventore non sit totam blanditiis. Reiciendis qui fuga ratione explicabo molestias et modi quasi.', 2, '2019-05-19 10:16:11', '2019-05-19 10:16:11'),
(229, 16, 'Dr. Ada Bartoletti', 'Quibusdam fugiat earum eaque placeat non quis qui. Qui omnis tempore eveniet perferendis qui rerum adipisci. Nesciunt quo molestiae quam et.', 3, '2019-05-19 10:16:11', '2019-05-19 10:16:11'),
(230, 17, 'Jarrell King', 'Rerum perspiciatis cum qui. Explicabo repellendus tempora laborum ut aut. Et qui dolorum et architecto asperiores eaque eius. Consequatur et quisquam distinctio at tenetur.', 4, '2019-05-19 10:16:11', '2019-05-19 10:16:11'),
(231, 50, 'Dr. Chesley Dietrich', 'Et aut enim illum perferendis aut dolores aut. Veritatis dolorem maxime praesentium. In est tempore consequatur voluptatibus distinctio fugit magni. Aut eveniet sed nihil cum aut et.', 3, '2019-05-19 10:16:11', '2019-05-19 10:16:11'),
(232, 45, 'Mr. Harold McDermott MD', 'Fugit rerum corporis aut aut recusandae delectus excepturi. Perspiciatis libero ea laboriosam qui voluptate eum. Nam non qui perferendis et eos. Ut assumenda voluptatem id nam distinctio eum doloremque.', 3, '2019-05-19 10:16:11', '2019-05-19 10:16:11'),
(233, 47, 'Natasha Graham', 'Sit magni impedit rerum voluptas quisquam. In nulla inventore alias itaque asperiores.', 1, '2019-05-19 10:16:11', '2019-05-19 10:16:11'),
(234, 13, 'Mr. Ervin Hermann Sr.', 'Molestiae soluta quas perferendis voluptatem quae sunt. Rerum atque aut atque eligendi exercitationem et. Ducimus consequatur odio cum aut velit et eligendi. Rerum sed necessitatibus sed esse quaerat et esse.', 1, '2019-05-19 10:16:11', '2019-05-19 10:16:11'),
(235, 36, 'Dr. Edwin Hilpert', 'Dicta qui ipsum reiciendis in. Aperiam deleniti officiis eaque eveniet optio consectetur. Nam molestiae recusandae itaque cumque. Non cupiditate occaecati illum facere culpa non vitae.', 2, '2019-05-19 10:16:11', '2019-05-19 10:16:11'),
(236, 2, 'Violette Tremblay', 'Provident reprehenderit velit voluptatum. Ratione mollitia blanditiis a omnis nisi. Illum aliquam ut quis quia. Excepturi dignissimos cum suscipit sit temporibus unde.', 5, '2019-05-19 10:16:11', '2019-05-19 10:16:11'),
(237, 5, 'Everardo Pfeffer', 'Tempore eius et esse. Vitae ducimus qui itaque illum. Quas reprehenderit quos ut incidunt rerum voluptas est.', 4, '2019-05-19 10:16:11', '2019-05-19 10:16:11'),
(238, 41, 'Jacinthe Wunsch', 'Voluptatem similique dolores totam. Modi nam vel est. Nostrum ipsa dolor nobis ut delectus autem deleniti error. Repudiandae porro sed pariatur eum.', 3, '2019-05-19 10:16:11', '2019-05-19 10:16:11'),
(239, 37, 'Shanie Bogan', 'Ducimus numquam voluptatem pariatur autem reprehenderit cupiditate ipsa rerum. Voluptatibus in necessitatibus hic. Repellendus ratione neque consequatur nesciunt ipsa odio laudantium. Ut voluptatum veritatis aut magni ut.', 1, '2019-05-19 10:16:11', '2019-05-19 10:16:11'),
(240, 21, 'Alex Rau', 'Nisi veritatis perspiciatis deserunt molestiae et. Laudantium cumque sed voluptas iusto laudantium et voluptates. Id optio maxime modi nemo accusantium rerum quo.', 3, '2019-05-19 10:16:11', '2019-05-19 10:16:11'),
(241, 41, 'Willie McGlynn', 'Animi doloribus quis dolorem repellat. Facilis est fugit molestias enim alias. Doloremque numquam illum nulla magnam iusto odio quia. Tempore odio sunt totam accusamus. Voluptatem hic non inventore recusandae.', 3, '2019-05-19 10:16:11', '2019-05-19 10:16:11'),
(242, 23, 'Aurelie Armstrong DVM', 'In in culpa voluptas nam et voluptatem optio. Voluptates enim dolorem possimus pariatur sit. Ex architecto aut id provident enim alias ut. Dignissimos dolore soluta quam nesciunt.', 0, '2019-05-19 10:16:11', '2019-05-19 10:16:11'),
(243, 35, 'Rogers Kuhlman', 'Asperiores enim cumque asperiores sit. Neque eligendi provident repudiandae et provident atque voluptatum.', 5, '2019-05-19 10:16:11', '2019-05-19 10:16:11'),
(244, 27, 'Coralie Glover', 'Nostrum perferendis culpa in sed eum. Debitis ratione sit quas porro fugit. Qui nostrum et voluptatum.', 4, '2019-05-19 10:16:11', '2019-05-19 10:16:11'),
(245, 17, 'Jaeden Feeney', 'Fugiat enim corporis quae quia. Ut sunt libero suscipit voluptates molestias id. Fuga fugit animi quam quo ipsam. Eligendi sint ullam et officia aut officiis voluptas maiores.', 1, '2019-05-19 10:16:11', '2019-05-19 10:16:11'),
(246, 48, 'Ms. Myra Macejkovic', 'Cupiditate assumenda beatae praesentium tempora. Odio nostrum quae iure. Magnam accusamus ut porro fuga est. Ex quaerat ipsum explicabo qui maiores laborum.', 1, '2019-05-19 10:16:11', '2019-05-19 10:16:11'),
(247, 48, 'Prof. Lambert Johnston', 'Tempora est nam sit rerum hic. Iste nisi ipsa nihil assumenda quia et sit id.', 3, '2019-05-19 10:16:11', '2019-05-19 10:16:11'),
(248, 5, 'Esta Zieme', 'Voluptatem nemo harum odit quia tempora doloremque. Iusto recusandae id eius amet. Eos nam et doloribus voluptas impedit.', 5, '2019-05-19 10:16:11', '2019-05-19 10:16:11'),
(249, 44, 'Lura O\'Hara', 'Vel dignissimos temporibus quas dolorem voluptatem porro. Quo voluptate aut quia quod ducimus. Magni sed voluptatem velit. Laudantium quidem iste quidem nemo.', 5, '2019-05-19 10:16:11', '2019-05-19 10:16:11'),
(250, 40, 'Fernando Toy', 'Perferendis eveniet non placeat corrupti a magnam non autem. Eligendi consequatur sunt iure animi esse architecto. Blanditiis et fugiat omnis qui illo culpa.', 4, '2019-05-19 10:16:11', '2019-05-19 10:16:11'),
(251, 43, 'Aylin Powlowski III', 'Numquam corporis facilis reprehenderit culpa est esse aut. Maiores et a laborum a itaque nemo. Id officiis aut dolore est rerum. Est voluptatem praesentium delectus perspiciatis corrupti deleniti. Eum ipsa et consequatur sunt ut exercitationem.', 4, '2019-05-19 10:16:11', '2019-05-19 10:16:11'),
(252, 36, 'Meta Green', 'Esse incidunt eveniet fugit veritatis rerum. Repudiandae quisquam vero illum qui ea soluta sint ab. Ea nihil sint velit doloribus beatae ullam exercitationem.', 0, '2019-05-19 10:16:11', '2019-05-19 10:16:11'),
(253, 3, 'Ms. Kaci Baumbach DVM', 'Hic error aspernatur et et repellat quia debitis. Quae rerum voluptates adipisci nisi quasi hic. Qui nihil fugiat amet quidem.', 3, '2019-05-19 10:16:11', '2019-05-19 10:16:11'),
(254, 49, 'Adelle Kunze', 'Doloremque esse quasi voluptatem in. Odio consequuntur nulla id quos rem repellendus molestias. Vel quidem quis pariatur quia aspernatur.', 0, '2019-05-19 10:16:11', '2019-05-19 10:16:11'),
(255, 45, 'Gardner Bernhard DVM', 'Aut enim ut nobis qui a. Dignissimos non itaque a aut beatae. Hic quo eveniet numquam dolores dolorem nulla reprehenderit blanditiis. Voluptas odio accusantium voluptate eius libero blanditiis nesciunt. Omnis aut voluptas accusantium dolorem earum quasi.', 2, '2019-05-19 10:16:11', '2019-05-19 10:16:11'),
(256, 6, 'Willy Smitham', 'Provident atque est ut qui. Iure reiciendis voluptates eveniet eius.', 4, '2019-05-19 10:16:11', '2019-05-19 10:16:11'),
(257, 3, 'Ms. Lilian Effertz V', 'Explicabo doloremque qui et velit aut. Repellat dolor et deleniti commodi. Nihil temporibus impedit maxime earum.', 3, '2019-05-19 10:16:11', '2019-05-19 10:16:11'),
(258, 43, 'Dr. Yasmine Connelly', 'Expedita corporis sed autem ut ea nobis. Qui ea vel sint et ullam quisquam eius fugiat. Et aperiam eos tempore. Non doloribus quam reprehenderit quia.', 5, '2019-05-19 10:16:11', '2019-05-19 10:16:11'),
(259, 47, 'Meta Kilback', 'Veritatis inventore dolorem consequatur ea eos. Doloribus aut iusto culpa rerum. Fugiat sed dicta reiciendis quia qui nisi nihil.', 3, '2019-05-19 10:16:11', '2019-05-19 10:16:11'),
(260, 5, 'Derek McKenzie I', 'Autem cum perferendis dolorem assumenda illum dolores. Dolorem illum qui ut eos et. Voluptatum molestiae esse doloremque magni in fugiat. Animi quibusdam temporibus nemo sapiente porro odio sint.', 3, '2019-05-19 10:16:11', '2019-05-19 10:16:11'),
(261, 25, 'Irving Skiles', 'Neque odit corporis deleniti qui. Suscipit aliquam id cum a enim dolorum eveniet repellat. Eaque qui et id illum quam et. Soluta qui corporis veritatis rerum consequatur minus.', 1, '2019-05-19 10:16:11', '2019-05-19 10:16:11'),
(262, 34, 'Trystan Ullrich', 'Itaque ipsum fuga doloribus et ea. Iste quia porro assumenda earum. Fugit laboriosam vero nisi et est. Recusandae id neque molestiae cumque modi.', 1, '2019-05-19 10:16:11', '2019-05-19 10:16:11'),
(263, 14, 'Delphia Treutel', 'Optio voluptate eveniet suscipit voluptatem porro. Alias nobis consequatur perferendis voluptas ex. Deleniti error quis facere est. Et nobis voluptates quo.', 1, '2019-05-19 10:16:11', '2019-05-19 10:16:11'),
(264, 41, 'Prof. Estevan Bradtke I', 'Voluptates qui et quis ab id ut quam vel. Ut id atque sint qui repellendus eius non. Aliquid ipsam cumque explicabo maiores neque laudantium. Eius et aut animi mollitia.', 0, '2019-05-19 10:16:11', '2019-05-19 10:16:11'),
(265, 34, 'Uriah Hayes', 'Quaerat corrupti est sint. Dolor distinctio et numquam voluptatem rerum. Quae earum explicabo id illo repellendus animi in. Est enim ea consequatur beatae et.', 0, '2019-05-19 10:16:11', '2019-05-19 10:16:11'),
(266, 41, 'Lue Becker', 'Velit veniam id neque officiis eum. Rem doloremque quibusdam minima beatae consequatur.', 3, '2019-05-19 10:16:12', '2019-05-19 10:16:12'),
(267, 50, 'Dr. Rene Walsh', 'Qui ab dolore unde quia sed architecto. Voluptas magnam mollitia et maiores. Harum voluptates quis tenetur velit dignissimos adipisci quod. Et alias assumenda quis non assumenda.', 2, '2019-05-19 10:16:12', '2019-05-19 10:16:12'),
(268, 39, 'Mrs. Cristal Dickens III', 'Amet quia magni cupiditate nihil magni. Alias eius et rerum nihil assumenda. Aut aut nesciunt natus velit dolorem. In cupiditate ea iusto reiciendis dignissimos ut.', 4, '2019-05-19 10:16:12', '2019-05-19 10:16:12'),
(269, 23, 'Stuart Schaden Jr.', 'Quos sunt voluptatem quibusdam iusto aspernatur. Corporis illum aliquam aut aut neque dignissimos. Dolorem voluptas eum assumenda sunt.', 4, '2019-05-19 10:16:12', '2019-05-19 10:16:12'),
(270, 2, 'Prof. Shanelle Schinner IV', 'Id cum autem in excepturi illum. Ut veritatis officiis reprehenderit voluptatem amet sint qui quo.', 0, '2019-05-19 10:16:12', '2019-05-19 10:16:12'),
(271, 14, 'Prof. Cletus Gorczany I', 'Aliquid laudantium blanditiis ut consequuntur veniam soluta. Sint vero autem sit eos omnis et. Id libero architecto omnis dolore.', 4, '2019-05-19 10:16:12', '2019-05-19 10:16:12'),
(272, 40, 'Ahmad Bradtke', 'Maiores quia distinctio corrupti eum. Ut adipisci distinctio rerum autem asperiores sunt. Quia pariatur ex accusamus dolorem est est doloribus. Tempore qui aspernatur ut eum eligendi.', 2, '2019-05-19 10:16:12', '2019-05-19 10:16:12'),
(273, 48, 'Loma Torphy DVM', 'Cupiditate rerum est nihil aperiam nam. Facere sed rerum enim quia fuga labore. Maiores quia consequatur illo. Et provident voluptatem ratione voluptatem consequuntur assumenda.', 4, '2019-05-19 10:16:12', '2019-05-19 10:16:12'),
(274, 48, 'Junior Hills', 'Velit voluptas non nam voluptas iure maxime ex iusto. Et natus dignissimos consequatur. Sed et minima cumque laborum commodi.', 2, '2019-05-19 10:16:12', '2019-05-19 10:16:12'),
(275, 8, 'Alayna Bernier', 'Inventore nisi reprehenderit ea. Qui eum et occaecati ut deserunt iure. Et est nulla est laudantium voluptatem voluptate ut. Quia distinctio ducimus expedita debitis.', 2, '2019-05-19 10:16:12', '2019-05-19 10:16:12'),
(276, 14, 'Joanie Stracke III', 'Quia optio ut ut animi voluptate. Id non similique et ullam earum et voluptatum. Et amet laborum in aliquam qui earum. Accusantium eaque qui cumque ipsa voluptatem ut necessitatibus.', 5, '2019-05-19 10:16:12', '2019-05-19 10:16:12'),
(277, 25, 'Dasia Beahan II', 'Quae aliquam aperiam at ipsum facere minima eos voluptatibus. Asperiores perferendis a voluptas et. Enim dolores sint non ullam adipisci tempora. Deleniti temporibus voluptatum qui accusamus.', 2, '2019-05-19 10:16:12', '2019-05-19 10:16:12'),
(278, 42, 'Josefina McDermott', 'Non ullam quia non modi omnis. Nam sequi eveniet natus minima quos a. In cum fuga tempore perferendis.', 4, '2019-05-19 10:16:12', '2019-05-19 10:16:12'),
(279, 16, 'Miss Peggie Jacobson V', 'Tempora cumque totam sequi voluptatibus ut. Commodi nihil nesciunt beatae similique. Maxime ducimus rerum dolores. Et harum ut animi dolor odio qui.', 2, '2019-05-19 10:16:12', '2019-05-19 10:16:12'),
(280, 43, 'Miss Tatyana Watsica', 'Consequatur dolorum ad vel ea. Accusamus eos rerum placeat deleniti rerum cum voluptates. Laudantium nemo dicta est reprehenderit.', 2, '2019-05-19 10:16:12', '2019-05-19 10:16:12'),
(281, 8, 'Brooks Mayer', 'Nostrum aspernatur et aliquam qui reprehenderit dolor. Eaque hic eligendi doloribus non sequi doloremque porro modi. Omnis quisquam nam et cumque perspiciatis consequuntur. Perspiciatis non optio repellat praesentium rerum et autem est.', 4, '2019-05-19 10:16:12', '2019-05-19 10:16:12'),
(282, 45, 'Lempi Huel', 'Veritatis non omnis pariatur optio omnis ad omnis reiciendis. Eos facilis et voluptatem nesciunt est. Saepe et optio delectus enim error praesentium. Ut totam quidem sunt nihil et.', 5, '2019-05-19 10:16:12', '2019-05-19 10:16:12'),
(283, 11, 'Celestino Spinka', 'Modi odio explicabo porro sed ut odio. Amet corrupti voluptas molestiae ducimus eos. Est illum dolores expedita quis velit ut. Vel voluptas voluptas voluptatibus consequatur harum doloribus.', 4, '2019-05-19 10:16:12', '2019-05-19 10:16:12'),
(284, 47, 'Anika Upton I', 'Ut asperiores voluptates quod sit voluptatum sed in. Atque quas sit expedita nobis. Ea ea dolores autem iusto quam non. Totam laudantium laborum eveniet.', 1, '2019-05-19 10:16:12', '2019-05-19 10:16:12'),
(285, 40, 'Mariela Lockman', 'Et dolorum quis omnis repudiandae consequatur accusantium. Eos illum quia ut recusandae fugit. Quia est sunt saepe harum.', 4, '2019-05-19 10:16:12', '2019-05-19 10:16:12'),
(286, 26, 'Oran Wilkinson', 'Neque in occaecati error voluptas saepe mollitia dignissimos repellendus. Totam omnis adipisci corrupti fugit cupiditate. Ut quas veniam voluptatum qui totam.', 0, '2019-05-19 10:16:12', '2019-05-19 10:16:12'),
(287, 46, 'Summer Moore Sr.', 'Qui fugit est architecto totam sint et ea. Autem quia sit placeat adipisci impedit. Rerum qui eum facere perspiciatis deleniti.', 4, '2019-05-19 10:16:12', '2019-05-19 10:16:12'),
(288, 4, 'Prof. Devon Quitzon', 'Dolorem quibusdam voluptatem atque nostrum voluptatem natus illum. Dolor est magni qui unde. Nemo nihil iusto ut et et.', 2, '2019-05-19 10:16:12', '2019-05-19 10:16:12'),
(289, 49, 'Mrs. Lenora Zieme', 'Provident unde quos esse. Quasi et natus maxime. Sed enim reprehenderit et rerum exercitationem id. Nulla commodi quibusdam quasi officia.', 1, '2019-05-19 10:16:12', '2019-05-19 10:16:12'),
(290, 5, 'Efrain Wyman', 'Recusandae quidem nam nemo repudiandae. Ut quas iure nisi. Sequi quisquam quas dolorum inventore.', 2, '2019-05-19 10:16:12', '2019-05-19 10:16:12'),
(291, 11, 'Dr. Kamryn Kassulke MD', 'Placeat quo odit inventore aut dolorum. Quo non voluptatem deleniti perferendis tempora. Aut quasi nulla eveniet enim voluptatibus voluptatibus velit.', 2, '2019-05-19 10:16:12', '2019-05-19 10:16:12'),
(292, 13, 'Harmon DuBuque', 'Provident et reiciendis minus tempora explicabo autem omnis. Modi aspernatur nisi vero. Aliquid molestiae quaerat mollitia aut et consequuntur. Nam nostrum delectus ut quo sed enim.', 3, '2019-05-19 10:16:12', '2019-05-19 10:16:12'),
(293, 11, 'Gregorio Wintheiser MD', 'Nam illum et deleniti ut rem qui tempore ut. Veniam ratione corrupti id ad sed rerum eaque. Eius ipsum assumenda adipisci dolorem dolorum voluptatem sed.', 5, '2019-05-19 10:16:12', '2019-05-19 10:16:12'),
(294, 28, 'Prof. Jerrold O\'Connell PhD', 'Recusandae qui et et cumque autem illum facere. Quam officiis beatae id.', 5, '2019-05-19 10:16:12', '2019-05-19 10:16:12'),
(295, 19, 'Dr. Misael Rogahn IV', 'Nemo minima ipsum tempora non voluptatibus voluptate. Tempora omnis esse suscipit est. Ipsum autem perferendis iure explicabo et porro.', 4, '2019-05-19 10:16:12', '2019-05-19 10:16:12'),
(296, 48, 'Brandy Hyatt IV', 'Molestiae voluptas consequuntur aut aliquam repellat dolorem et. Explicabo aut laboriosam praesentium quia aperiam incidunt consequuntur. Ipsa molestiae quos accusantium molestiae eius id neque.', 4, '2019-05-19 10:16:12', '2019-05-19 10:16:12'),
(297, 30, 'Autumn Stokes', 'Minima dolorem voluptatem consequatur molestias. Qui ducimus ut impedit et. Ipsum id nulla maxime saepe. Nulla reprehenderit sed et blanditiis aut vitae velit nostrum. In qui veritatis minima sunt aspernatur eligendi rerum.', 0, '2019-05-19 10:16:12', '2019-05-19 10:16:12'),
(298, 20, 'Ethel Hegmann', 'Rerum doloremque quae fugit. Suscipit alias sunt totam non quia voluptatum. Velit debitis aliquid voluptatem ut similique voluptas.', 0, '2019-05-19 10:16:12', '2019-05-19 10:16:12'),
(299, 22, 'Jake Gottlieb V', 'Et totam est molestiae qui sequi. Explicabo minima veniam qui sed ipsam eius ipsa. Eveniet et quod voluptatem molestiae quam molestiae. Aut dolorum dicta voluptates nihil omnis perspiciatis ipsam.', 3, '2019-05-19 10:16:12', '2019-05-19 10:16:12'),
(300, 42, 'Cyril Wilkinson MD', 'Corrupti quo voluptatem quisquam dolores. Numquam magni quae ab doloremque commodi expedita. Error ut occaecati dolor quia officiis molestiae. Veniam porro corporis tenetur et perspiciatis error.', 5, '2019-05-19 10:16:12', '2019-05-19 10:16:12');

-- --------------------------------------------------------

--
-- Table structure for table `users`
--

CREATE TABLE `users` (
  `id` bigint(20) UNSIGNED NOT NULL,
  `name` varchar(191) COLLATE utf8mb4_unicode_ci NOT NULL,
  `email` varchar(191) COLLATE utf8mb4_unicode_ci NOT NULL,
  `email_verified_at` timestamp NULL DEFAULT NULL,
  `password` varchar(191) COLLATE utf8mb4_unicode_ci NOT NULL,
  `remember_token` varchar(100) COLLATE utf8mb4_unicode_ci DEFAULT NULL,
  `created_at` timestamp NULL DEFAULT NULL,
  `updated_at` timestamp NULL DEFAULT NULL
) ENGINE=InnoDB DEFAULT CHARSET=utf8mb4 COLLATE=utf8mb4_unicode_ci;

--
-- Indexes for dumped tables
--

--
-- Indexes for table `migrations`
--
ALTER TABLE `migrations`
  ADD PRIMARY KEY (`id`);

--
-- Indexes for table `password_resets`
--
ALTER TABLE `password_resets`
  ADD KEY `password_resets_email_index` (`email`);

--
-- Indexes for table `products`
--
ALTER TABLE `products`
  ADD PRIMARY KEY (`id`);

--
-- Indexes for table `reviews`
--
ALTER TABLE `reviews`
  ADD PRIMARY KEY (`id`),
  ADD KEY `reviews_product_id_index` (`product_id`);

--
-- Indexes for table `users`
--
ALTER TABLE `users`
  ADD PRIMARY KEY (`id`),
  ADD UNIQUE KEY `users_email_unique` (`email`);

--
-- AUTO_INCREMENT for dumped tables
--

--
-- AUTO_INCREMENT for table `migrations`
--
ALTER TABLE `migrations`
  MODIFY `id` int(10) UNSIGNED NOT NULL AUTO_INCREMENT, AUTO_INCREMENT=5;

--
-- AUTO_INCREMENT for table `products`
--
ALTER TABLE `products`
  MODIFY `id` bigint(20) UNSIGNED NOT NULL AUTO_INCREMENT, AUTO_INCREMENT=51;

--
-- AUTO_INCREMENT for table `reviews`
--
ALTER TABLE `reviews`
  MODIFY `id` bigint(20) UNSIGNED NOT NULL AUTO_INCREMENT, AUTO_INCREMENT=301;

--
-- AUTO_INCREMENT for table `users`
--
ALTER TABLE `users`
  MODIFY `id` bigint(20) UNSIGNED NOT NULL AUTO_INCREMENT;

--
-- Constraints for dumped tables
--

--
-- Constraints for table `reviews`
--
ALTER TABLE `reviews`
  ADD CONSTRAINT `reviews_product_id_foreign` FOREIGN KEY (`product_id`) REFERENCES `products` (`id`) ON DELETE CASCADE;
COMMIT;

/*!40101 SET CHARACTER_SET_CLIENT=@OLD_CHARACTER_SET_CLIENT */;
/*!40101 SET CHARACTER_SET_RESULTS=@OLD_CHARACTER_SET_RESULTS */;
/*!40101 SET COLLATION_CONNECTION=@OLD_COLLATION_CONNECTION */;
